-- phpMyAdmin SQL Dump
-- version 4.7.4
-- https://www.phpmyadmin.net/
--
-- Host: 127.0.0.1
-- Generation Time: Dec 22, 2017 at 01:31 PM
-- Server version: 10.1.26-MariaDB
-- PHP Version: 7.1.9

SET SQL_MODE = "NO_AUTO_VALUE_ON_ZERO";
SET AUTOCOMMIT = 0;
START TRANSACTION;
SET time_zone = "+00:00";


/*!40101 SET @OLD_CHARACTER_SET_CLIENT=@@CHARACTER_SET_CLIENT */;
/*!40101 SET @OLD_CHARACTER_SET_RESULTS=@@CHARACTER_SET_RESULTS */;
/*!40101 SET @OLD_COLLATION_CONNECTION=@@COLLATION_CONNECTION */;
/*!40101 SET NAMES utf8mb4 */;

--
-- Database: `vn_travel`
--

-- --------------------------------------------------------

--
-- Table structure for table `bill`
--

CREATE TABLE `bill` (
  `id` int(11) NOT NULL,
  `id_user` int(11) NOT NULL,
  `id_tour` int(11) NOT NULL
) ENGINE=InnoDB DEFAULT CHARSET=utf8;

-- --------------------------------------------------------

--
-- Table structure for table `blog`
--

CREATE TABLE `blog` (
  `id` int(11) NOT NULL,
  `name_blog` varchar(500) NOT NULL,
  `desc` varchar(5000) NOT NULL,
  `id_city` int(11) NOT NULL
) ENGINE=InnoDB DEFAULT CHARSET=utf8;

-- --------------------------------------------------------

--
-- Table structure for table `city`
--

CREATE TABLE `city` (
  `id` int(11) NOT NULL,
  `name` varchar(300) NOT NULL
) ENGINE=InnoDB DEFAULT CHARSET=utf8;

--
-- Dumping data for table `city`
--

INSERT INTO `city` (`id`, `name`) VALUES
(1, 'Đà Nẵng'),
(2, 'Nha Trang'),
(3, 'Phú Quốc'),
(4, 'Huế'),
(5, 'Đà Lạt'),
(6, 'SaPa'),
(7, 'Hạ Long');

-- --------------------------------------------------------

--
-- Table structure for table `hotel`
--

CREATE TABLE `hotel` (
  `id` int(11) NOT NULL,
  `name_hotel` varchar(500) NOT NULL,
  `adress` varchar(5000) NOT NULL,
  `descc` varchar(5000) NOT NULL,
  `cost` float NOT NULL,
  `id_city` int(11) NOT NULL
) ENGINE=InnoDB DEFAULT CHARSET=utf8;

--
-- Dumping data for table `hotel`
--

INSERT INTO `hotel` (`id`, `name_hotel`, `adress`, `descc`, `cost`, `id_city`) VALUES
(1, 'Khách Sạn Sông Hàn Đà Nẵng (Han River)\r\n', '14 Lý Tự Trọng, Hải Châu, Đà Nẵng', 'Khách Sạn Sông Hàn Đà Nẵng nằm ở một vị trí đắc địa giữa lòng thành phố, không cách quá xa các địa điểm tham quan. Từ khách sạn, chỉ trong vòng 4km bạn đã có thể ghé thăm bảo tàng Champa giá trị, bảo tàng Đà Nẵng hiện đại với thành Điện Hải còn mang dấu ấn thời gian, vi vu một trong những bãi biển quyến rũ nhất hành tinh hoặc thưởng thức những món ăn dân dã mang đậm bản sắc địa phương ở chợ Hàn, chợ Cồn. Nếu bạn là vị khách chỉ thuần đi công tác, đừng lo, với vị trí rất gần sân bay, nhà ga và trung tâm hành chính thành phố. Bạn dễ dàng di chuyển mà không lo sợ sự trễ giờ.\r\n\r\nKhách sạn Sông Hàn Đà Nẵng đa dạng các loại phòng với nhiều kích cỡ khác nhau. Với 133 phòng ngủ; 3 nhà hàng; 1 quầy bar; 1 khu vật lý trị liệu; 1 khu hội trường được trang bị đầy đủ các tiện nghi hiện đại, sang trọng; cùng đội ngũ nhân viên nhiệt tình , giàu kinh nghiệm sẽ đáp ứng được mọi nhu cầu của quý khách.\r\nPhòng ngủ  tại khách sạn Sông Hàn Đà Nẵng được thiết kế theo phong cách trang nhã, thanh lịch, mang đậm sự hòa trộn giữa truyền thống Việt Nam và âm hưởng phương Tây.\r\n\r\nSuperior City View có 54 phòng view ra thành phố với diện tích 32m2 với 2 giường đơn, mỗi giường 1.2m, trang thiết bị sang trọng.\r\nSuperior River View có 70 phòng view ra sông Hàn, có điện tích 37m2 với 2 giường đơn 1.2m hoặc 1 giường đôi 1.8m x 2m.\r\nVới 7 phòng Deluxe và 2 phòng Suite điều có view ra sông Hàn, có diện tích từ 66m2 – 90m2 đầy đủ các tiện nghi hiện đại và sang trọng.\r\n\r\nKhách Sạn sông Hàn Đà Nẵng có hệ thống nhà hàng, quán bar sang trọng phục vụ các món ăn đặc trưng như Nhà hàng Sơn Trà, nhà hàng Tiên Sa, nhà hàng Vip sẽ là nơi quý khách tìm được các món ăn đặc trưng nhất của Á - Âu trong thực đơn.\r\n\r\nCác dịch vụ thư giãn, giải trí tại khách sạn Sông Hàn Đà Nẵng như massage, spa, xông hơi khô, hơi nước, bể bơi nằm ở tầng 4 khách sạn được thiết kế một cách tao nhã và hài hòa với thiên nhiên, luôn được kiểm soát tiêu chuẩn, quy trình an toàn, cùng các trang thiết bị giúp du khách có những giờ bơi thư giãn nhất.\r\nBên cạnh khu thư giãn, phục hồi sức khỏe, Fitness Center là một lựa chọn khác dành cho quý khách để bắt đầu một ngày mới hay rèn luyện bản thân như một thói quen hàng ngày. Các trang thiết bị máy móc hỗ trợ tập luyện hiện đại tại đây sẽ đồng hành cùng quý khách, giúp quý khách có một cơ thể khỏe mạnh cùng tinh thần sảng khoái để tận hưởng cuộc sống. Du khách sẽ tận hưởng cảm giác thư giãn và thả lỏng khi nhúng mình vào làn nước trong lành, thưởng thức một ly cocktail và ngắm nhìn quang cảnh thành phố từ trên cao.\r\n\r\nPhòng họp tại khách sạn Sông Hàn Đà Nẵng mang đến nhiều tiện nghi cần thiết và không gian thoải mái. Với 5 sảnh hội nghị với sức chứa từ 30 - 150 khách, trang thiết bị máy chiếu, âm thanh, ánh sáng hiện đại và hệ thống điều hòa trung tâm đáp ứng mọi yêu cầu khắt khe của các đơn vị tổ chức hội nghị, hội thảo cấp cao.\r\nQuan trọng hơn cả, với đội ngũ nhân viên phục vụ nhiệt tình, chuyên nghiệp và thân thiện cùng phương châm, mang lại những gì quý khách cần bằng sự chân tình nhất. Hãy đến với khách sạn Sông Hàn Đà Nẵng và kiểm chứng những điều trên nhé!', 899000, 1),
(2, 'Khách Sạn Trường Sơn Tùng 2 Đà Nẵng', '7 Hà Bổng, Phước Mỹ, Sơn Trà, Đà Nẵng', 'Khách Sạn Trường Sơn Tùng 2 tọa lạc cạnh bãi tắm Phạm Văn Đồng thuộc biển Sơn Trà, Đà Nẵng là một trong sáu bãi biển được tạp chí Forbes bình chọn quyến rũ nhất hành tinh. Với phương châm “đem lại cho du khách cảm giác thoải mái như được trở về ngôi nhà thân yêu của chính mình”,   tháng 7/2013, khách sạn Trường Sơn Tùng 2 chính thức được đưa vào hoạt động, góp phần hoàn thiện và đa dạng hóa các dịch vụ của khách sạn Trường Sơn Tùng.\r\n\r\nKhách sạn Trường Sơn Tùng 2 gồm 10 tầng với 77 phòng cùng 2 hội trường lớn trang bị hệ thống âm thanh, ánh sáng hiện đại - chuyên nghiệp; hệ thống khách sạn Trường Sơn Tùng tự hào là 1 trong những khách sạn ba sao đầu tiên có sức chứa gần 500 khách, đáp ứng được nhu cầu du lịch, nghỉ dưỡng, công tác, hội nghị của quý khách.\r\nPhòng Double Deluxe của Trường Sơn Tùng 2 không những tạo cho quí khách cảm giác thoải mái, tiện nghi của phòng một giường 1.8m mà còn có thể ngắm trọn vẹn cảnh bình minh rực rỡ trên biển buổi sáng, tiếng sóng vỗ rì rào, nhẹ nhàng ban đêm, thích hợp cho các cặp vợ chồng trẻ.\r\n\r\nPhòng Deluxe Sea View với hai giường đơn là sự lựa chọn phù hợp cho những du khách muốn trãi nghiệm mùa hè ở biển. Phóng tầm nhìn ra xa, quý khách sẽ không khỏi “trầm trồ” trước màu xanh biêng biếc của biển, sự thơ mộng của Sơn Trà Điện Ngọc hay uy nghiêm của tượng Phật Bà Quan Âm.\r\nPhòng Family với diện tích sàn lớn phù hợp với nhu cầu du lịch của các gia đình từ 4-6 thành viên. Từ cửa sổ của phòng, du khách có thể ngắm nhìn bãi tắm Mỹ Phước thật nhộn nhịp mỗi sáng mỗi chiều của du khách đến tắm. Phòng gồm 1 giường 1.6m và 2 giường 1.4m.\r\n\r\nCity view Vip family với nội thất cao cấp, được trang trí bằng 3 tông màu vàng, đỏ thẫm và trắng, phòng gia đình với 2 giường 1.8m, mang lại cảm giác sang trọng, sạch sẽ và rộng rãi. Hệ thống giải trí bao gồm TV màn hình phẳng, kênh truyền hình cáp, wifi miễn phí chắc chắn sẽ giúp gia đình bạn có những giờ phút thư giãn thoải mái.\r\nVới sức chứa và khả năng phục vụ hơn 300 thực khách, nhà hàng 2 tự hào là một địa chỉ đáng tin cậy cho các đoàn du lịch lớn hay các đoàn khách hội nghị với phong cách phục vụ chuyên nghiệp. Nhà hàng chúng tôi chuyên phục vụ các món ăn thuần Việt phù hợp với khẩu vị của du khách 3 miền. Hệ thống Karaoke trang bị tại nhà hàng giúp quí khách vừa dự tiệc vừa ca hát với nhau.\r\n\r\nVới sức chứa 350 khách, khách sạn Trường Sơn Tùng 2 đã được vinh dự đón tiếp các đoàn thuộc bộ giáo dục đào tạo, tài chính và các tập đoàn kinh tế hàng đầu Việt Nam (Vietel, Ajinomoto…). Hệ thống vách ngăn hiện đại, cho phép chia hội nghị thành những phòng nhỏ phù hợp cho các lớp học, thảo luận theo nhóm.', 554000, 1),
(3, 'Khách Sạn Tây Bắc Đà Nẵng\r\n', '4 Hà Bổng, Phước Mỹ, Sơn Trà, Đà Nẵng', 'Khách Sạn Tây Bắc Đà Nẵng tọa lạc ngay bãi biển Phạm Văn Đồng - Phước Mỹ - Sơn Trà - Đà Nẵng, số 4 đường Hà Bổng. Một trong những khu du lịch sầm uất nhất với nhiều dịch vụ hỗ trợ và giải trí như nhà hàng, quầy bar, trung tâm mua sắm, gần sông Hàn thơ mộng với những chiếc cầu: cầu quay, cầu Rồng thuận tiện di chuyển từ khách sạn đến sân bay, nhà ga và các địa điểm du lịch khác.\r\n\r\nKhách sạn Tây Bắc Đà Nẵng chính thức đưa vào hoạt động tháng 9/2014, được đánh giá là khách sạn 3 sao chất lượng tốt nhất và phòng ngủ rộng rãi, tiện nghi nhất trong khu vực ven biển Mỹ Khê.\r\nKhách sạn có 14 tầng, bao gồm 55 phòng, 4 tiêu chuẩn phòng với kiến trúc tại khách sạn Tây Bắc là sự pha trộn hoàn hảo của kiến trúc hiện đại  và  phong cách và nghệ thuật truyền thống Việt Nam. Ngoại thất và nội thất tại khách sạn vừa sang trọng lại ấm cúng. Hệ thống phòng nghỉ tại khách sạn có không gian rộng rãi, điểm đặc biệt tại các phòng của khách sạn là đều được thiết kế cửa sổ với tầm nhìn hướng ra biển, bán đảo Sơn Trà, núi Ngũ Hành Sơn hoặc hướng ra trung tâm thành phố.\r\nPhòng Standard đều được trang bị phòng tắm riêng với vòi sen nước nóng, TV truyền hình cáp, tủ lạnh mini và khu vực tiếp khách thoải mái. Ngoài ra, với chất lượng dịch vụ cao cấp, wifi được cung cấp miễn phí trong toàn bộ khuôn viên khách sạn sẽ làm cho kỳ nghỉ của bạn thật sự hoàn hảo.\r\nNgoài hệ thống phòng nghỉ sang trọng, khách sạn Tây Bắc còn được trang bị hệ thống các dịch vụ đa dạng như nhà hàng tại tầng 11 chuyên phục vụ các bữa ăn trong ngày theo kiểu Âu Á, các món ăn đặc sản Đà Nẵng và ba miền Việt Nam.\r\nBên trong khách sạn có hội trường đầy đủ âm thanh, ánh sáng hiện đại với sức chứa lên đến 150 khách. Đặc biệt, với phòng họp nhỏ 60 khách được bố trí khép kín, rất thuận lợi cho các cuộc họp báo, giới thiệu sản phẩm, hội nghị khách hàng VIP.\r\nBên cạnh đó khách sạn còn thường xuyên gợi ý cho du khách các điểm đến tham quan tại Đà Nẵng để cho kỳ nghỉ của du khách càng thêm thú vị hơn. Cùng với đội ngũ nhân viên được đào tạo chuyên nghiệp, thái độ phục vụ tận tâm và chu đáo hứa hẹn sẽ mang đến cho du khách kỳ nghỉ lý tưởng nhất. Cho dù bạn đến với Đà Nẵng là để công tác, du lịch hoặc khám phá thì khách sạn Tây Bắc chắn chắn sẽ là điểm dừng chân thực sự lý tưởng.', 860000, 1),
(4, 'Khách Sạn Diamond Sea Đà Nẵng', 'số 232, Võ Nguyên Giáp, Sơn Trà, Đà Nẵng', 'Nằm tọa lạc ngay trên con đường đẹp nhất của phố biển Đà Nẵng, một bên là biển, một bên là phố, khách sạn Diamond Sea Đà Nẵng với tiêu chuẩn 4* có lối thiết kế hài hòa với tự nhiên tạo nên một thiên đường nhỏ  tiện nghi cho mọi du khách. Được ví như là hòn đảo nhỏ Hawaii của thành phố biển Đà Nẵng khách sạn Diamond Sea Đà Nẵng là nơi mà bạn sẽ là tìm thấy chính xác điều bạn cần. Một không gian dành cho những vị khách đang tìm kiếm địa điểm nghỉ dưỡng để trải nghiệm những giá trị mới mẻ của cuộc sống.\r\n\r\nKhách sạn Diamond Sea Đà Nẵng được trang bị hệ thống phòng nghỉ sang trọng, thiết kế nội thất hiện đại và ấm cúng, cùng với những trang thiết bị cao cấp tiện nghi sang trọng với 3 loại phòng.\r\n\r\nHạng phòng Ocean Premier với diện tích từ 34m2 – 36m2 sẽ mang đến không gian nghỉ dưỡng thoáng đãng và hấp dẫn với tầm nhìn bao quát biển Đà Nẵng. Được thiết kế nhằm mang lại không gian rộng mở nhất với cửa sổ từ sàn đến trần và balcony riêng cho mỗi phòng khách. Ngoài những chiếc giường êm ái, quý khách có thể ngả lưng trên ghế sofa dài trong những ngày nắng ấm. Không những thế, bạn còn được thưởng thức hương vị của một trong những bãi biển đẹp nhất hành tinh từ ngay chính căn phòng Ocean Premier.\r\n\r\nTọa lạc trên những tầng cao nhất của khách sạn, mỗi phòng Ocean Deluxe có diện tích 26m3, các phòng đều mang đến tầm nhìn hướng biển ngoạn mục từ cửa sổ rộng lớn ở độ cao trên 60m. Một không gian tràn ngập ánh nắng và hương vị biển với các trang thiết bị hiện đại và tiện nghi cao cấp sẽ mang lại cho quý khách một kỳ nghỉ thư giãn và thú vị.\r\n\r\nVới diện tích 28m2, khách sạn Diamond Sea Đà Nẵng là sự pha trộn tinh tế giữa phong cách hiện đại và truyền thống. Tại đây các đường nét nội thất đến màu sắc và tiện nghi đều có sự kết hợp tinh tế, mang hương vị biển nhiệt đới đến từng không gian phòng. Đón bạn sẽ là chiếc giường êm ái và những chiếc gối lông vũ, được thiết kế cao cấp trong mỗi căn phòng Superior giường đôi hoặc 2 giường đơn.\r\n\r\nNhà hàng Honolulu được thiết kế theo phong cách hiện đại tối giản nhằm mang lại không khí thư thái nhất cho các thực khách của Diamond Sea. Nơi đây chuyên phục vụ bữa sáng, trưa và tối với thực đơn Âu, Á và các món ăn truyền thống của Việt Nam. Điểm tâm sáng được chuẩn bị theo phong cách buffet với các món ăn nóng hổi và đa dạng sẽ là nguồn bổ sung năng lượng dồi dào cho ngày mới.\r\n\r\nNgoài ra, sẽ còn một địa điểm thú vị trên cao cho các cuộc gặp gỡ, trò chuyện và thư giãn dành cho quý khách và bạn bè. Với thiết kế hồ bơi và quầy bar ngoài trời có tầm nhìn hướng biển, Mauna Kea phục vụ đầy đủ các loại đồ uống và thực đơn ăn nhẹ phong phú kèm theo.\r\n\r\nQuý khách có thể bổ sung năng lượng với các món sinh tố trái cây nhiệt đới vào buổi sáng và lựa chọn những món ăn nhẹ từ thực đơn Mauna Kea. Tại đây cũng sẽ thật thú vị nếu thưởng thức một ly bia lạnh sảng khoái trong chiều hoàng hôn.\r\n\r\nKhách sạn Diamond Sea Đà Nẵng là nơi tổ chức cho mọi sự kiện. Nếu quý khách đang lên kế hoạch cho một cuộc họp của công ty hay tiệc cưới hoặc các sự kiện xã hội quan trọng khác, hãy yên tâm vì Diamond Sea - với không gian thỏa mái, tiện nghi sẽ luôn làm quý khách hài lòng.\r\n\r\nPhòng họp Maui và phòng họp Molokai ngay trên tầng 5 với tầm nhìn ra biển. Ngoài ra, còn có Kaui Pool bar và Sky bar nằm trên tầng 20 và 21 với tầm nhìn toàn cảnh bãi biển Mỹ Khê. Đây sẽ là một trong những nơi lý tưởng nhất cho các cuộc hội họp, hội nghị khách hàng hay các sự kiện đặc biệt khác.\r\nĐội ngũ nhân viên Kinh doanh và nhân viên Sự kiện của khách sạn sẽ luôn sẵn sàng phục vụ mọi yêu cầu của quý khách, từ lúc lên kế hoạch cho đến lúc kết thúc sự kiện.', 1600000, 1),
(5, 'Khách Sạn Majestic Nha Trang', ' 90-92 Trần Phú, Nha Trang, Khánh Hòa.', 'Khách Sạn Majestic Nha Trang là khách sạn đạt tiêu chuẩn quốc tế 3 sao thuộc chuỗi khách sạn Majestic nằm dọc bờ biển đường Trần Phú - Một trong những con đường ven biển đẹp nhất thành phố Nha Trang. Majestic Star là khách sạn mới xây với kiến trúc theo phong cách Châu Âu, pha lẫn âm hưởng tinh tế của lối kiến trúc Á Đông, với cơ sở vật chất và trang thiết bị hiện đại. Khách sạn gồm 19 tầng - 102 phòng với trên 70% phòng hướng biển, 2 thang máy, nhà hàng tiệc cưới, phòng hội nghị có sức chứa tối đa 200 khách, hồ bơi, bar ngoài trời, quầy tour desk.\r\n\r\nĐến với Khách Sạn Majestic Nha Trang để có những trải nghiệm đặt biệt, tận hưởng không khí trong lành, thoáng đãng và được ngắm nhìn phong cảnh tuyệt đẹp của bãi biển và Vịnh Nha Trang từ trong phòng ngủ, từ nhà hàng, từ hồ bơi, bar & cà phê…….tận hưởng không khí ấm áp gần gũi như ở nhà.\r\n\r\nKhách sạn có quy mô với 100 phòng, có 37 phòng Superior diện tích khoảng 24m2 với 2 giường đơn, có cửa sổ nhưng không cảnh quan, Deluxe với 37 phòng diện tích khoảng 28m2 được thiết kế thoáng đãng với cửa sổ, hướng nhìn ra thành phố. Tất cả những phòng khách đều được đặc biệt trang bị những tiện nghi như tivi LCD/Plasma, áo choàng tắm, máy pha trà/cà phê, phòng không hút thuốc, nước đóng chai miễn phí để làm hài lòng những vị khách khó tính nhất.\r\n\r\nTất cả những phòng khách đều có sự thoải mái đặc trưng khác nhau. Nhiều phòng còn được đặc biệt trang bị những tiện nghi như tivi màn hình phẳng, dép, khăn tắm, phòng khách riêng, internet không dây (miễn phí) để làm hài lòng những vị khách khó tính nhất. \r\n\r\nNgoài ra, khi đặt phòng tại khách sạn còn có các dịch vụ khác như: nhà hàng, phòng hội nghị, hồ bơi ngoài trời, dịch vụ vui chơi giải trí: sauna, massage, quầy bar, karaoke…. đáp ứng nhu cầu về nghỉ dưỡng, tổ chức sự kiện, hội thảo… hay bất kỳ chuyến công tác của quý khách khi đến thành phố Nha Trang xinh đẹp. Hãy khám phá sự hòa hợp giữa cung cách phục vụ chuyên nghiệp và vô số tiện nghi tối tân ở Khách sạn Majestic Nha Trang.', 1200000, 2),
(9, 'Khách Sạn Green World', '44 Nguyễn Thị Minh Khai, Phường Lộc Thọ, Nha Trang, Khánh Hòa ', 'Khách sạn Green World nằm ngay trung tâm thành phố biển Nha Trang, nơi được công nhận là 1 trong 29 vịnh biển đẹp nhất thế giới. Chỉ cần 5 phút đi bộ quý khách đã có thể tự mình chiêm ngưỡng, khám phá vẻ đẹp thơ mộng và quyến rũ lạ thường của biển Nha Trang. Khách sạn cách sân bay quốc tế Cam Ranh 45 phút lái xe, cách ga Nha Trang gần 10 phút đi xe.\r\n\r\nKhách sạn Green World chính thức hoàn thành đi vào sử dụng từ ngày 22 tháng 12 năm 2013. Green World có tổng diện tích sàn gần 23000 m2, bao gồm 21 tầng lầu với 201 phòng nghỉ cùng 27 căn hộ du lịch cao cấp được trang bị hiện đại, thanh lịch và thiết kế độc đáo với đầy đủ tiện nghi và thoáng mát theo tiêu chuẩn 4 sao. Các phòng được thiết kế rộng rãi và thoáng mát với nhiều loại diện tích khác nhau. Phần lớn phòng đều có cửa sổ hướng biển và ban công nhìn thẳng ra vịnh Nha Trang. Du khách có thể đứng từ ban công phòng ngắm nhìn quang cảnh vịnh Nha Trang cũng như hít thở không khí trong lành của gió biển. Vị trí hoàn hảo của khách sạn sẽ giúp du khách có một kỳ nghỉ thực sự sảng khoái và thư giãn khi đến với thành phố biển xinh đẹp này.\r\n\r\nKhách sạn Green World bao gồm 2 tầng hầm, 5 thang máy, 3 nhà hàng, 2 phòng hội nghị, phòng tập thể dục, hồ bơi, bãi tắm biển riêng, khu dịch vụ spa & massage, quầy hàng lưu niệm,… Mỗi phòng nghỉ hiện đại tại đây đều được trang bị minibar, tiện nghi pha trà/cà phê và tivi màn hình phẳng. Phòng tắm riêng đi kèm vòi sen nước nóng dễ chịu, máy sấy tóc và áo choàng tắm sang trọng. Toàn bộ nội thất của khách sạn được thiết kế bằng gỗ và mây tự nhiên cao cấp, sự sáng tạo ấy giúp Green World thực sự trở thành điểm nhấn kiến trúc trong một quần thể đô thị biển xinh đẹp, trong tương lai không xa nữa trở thành một trong những khách sạn nghỉ dưỡng ven biển sang trọng và đẳng cấp bậc nhất ở Nha Trang. Có thể nói với những tiện nghi tại đây mang lại thì du khách khó mà tìm được mức ưu đãi về giá phòng ở đâu tốt hơn Mytour, quý khách sẽ có cơ hội đặt phòng Khách sạn Green World giá rẻ nhất trên hệ thống của chúng tôi với sự hướng dẫn nhiệt tình, thân thiện của nhân viên Mytour.vn.\r\n\r\nĐến với khách sạn Green World, du khách sẽ có ngay một kỳ nghỉ thú vị, thỏa thích thăm thú những danh lam thắng cảnh nổi tiếng của Khánh Hòa như bãi biển Cà Ná, bãi biển Nha Trang, chợ đêm, tháp Trầm Hương, chùa Long Sơn, nhà hàng bia tươi Louisiane… Đây đều là những địa danh nổi tiếng của Đà Nẵng hàng năm được rất nhiều lượt khách du lịch chọn để đặt tour tham quan và khám phá thành phố biển xinh đẹp này.', 1914000, 2),
(10, 'Khách Sạn Nhị Thanh', '44 Phạm Văn Đồng, Nha Trang, Khánh Hòa ', 'Khách Sạn Nhị Thanh khá đẹp, nằm sát biển, trên đường Phạm Văn Đồng, thành phố Nha Trang, Khánh Hòa.\r\n\r\nCác phòng được thiết kế trang nhã, mang lại sự ấm cúng cho quý khách để quý khách có những trải nghiệm mới mẻ. Phòng được trang bị đầy đủ tiện nghi hiện đại, mang đến cảm giác thoải mái khi quý khách lưu trú nơi đây. Các tiện ích bao gồm: wifi, điều hòa, dụng cụ pha café, tủ lạnh, phòng tắm riêng, truyền hình vệ tinh…\r\n\r\nKhách sạn có chỗ đỗ xe ô tô, dịch vụ cho thuê xe, phục vụ phòng nhiệt tình chu đáo 24/24, ngoài ra còn có các dịch vụ du lịch khác…\r\n\r\nBên cạnh đó, khi đặt phòng Khách Sạn Nhị Thanh, khách sạn còn gợi ý cho bạn những hoạt động vui chơi giải trí bảo đảm bạn luôn thấy hứng thú trong suốt kì nghỉ. Dù bạn đến để thư giãn hay làm gì, Khách Sạn Nhị Thanhluôn là sự lựa chọn hoàn hảo cho kì nghỉ của bạn ở Khánh Hòa. ', 500000, 2),
(11, 'Pavillon Garden Hotel and Spa', 'Số 16 Tôn Đản, Phường Lộc Thọ, Nha Trang, Khánh Hòa ', 'Từ những bức tường màu kem trang nhã cho đến những khu vực ăn uống, nghỉ dưỡng của khách sạn chúng tôi, Nha Trang mang đến cho bạn không khí trong lành và trang trí hiện đại làm toát lên một cảm giác di sản, ấm áp với các phòng tiện nghi thoải mái. Ở Pavillon Garden Hotel & Spa, tất cả các phòng đều có ban công từ đó bạn có thể đắm mình vào bức tranh toàn cảnh của thành phố biển Nha Trang xinh đẹp.\r\n\r\nPavillon Garden Hotel cho rằng cần vượt qua sự mong đợi của khách hàng không chỉ bởi cung cấp các dịch vụ khách sạn mà còn làm hài lòng khách hàng bằng cách mang đến sự sang trọng trong tầm tay. Niềm vui lớn nhất của chúng tôi là bạn có thể thưởng thức, đắm chìm ở hồ bơi tuyệt đẹp của khách sạn, từ đó bạn có thể ngắm nhìn bức tranh toàn cảnh của bãi biển Nha Trang, ngoài ra còn có hệ thống phòng tắm xông hơi cùng với những kỷ thuật viên spa tuyệt vời giàu kinh nghiệm.\r\n\r\nPavillon Garden Hotel & Spa chắc chắn là lựa chọn hàng đầu cho các công ty doanh nghiệp nếu bạn muốn nhân viên của bạn sẽ có thời gian giải trí và thư giản xứng đáng nhất trên bãi biển Nha Trang nổi tiếng chỉ với 5 phút đi bộ.\r\n\r\nPavillon Garden Hotel& Spa cam kết rằng khách sạn chúng tôi là một khách sạn không khói thuốc, chúng tôi chú trọng đến sức khỏe của khách hàng cũng như là nhân viên. Khói thuốc không được phép trong các phòng của khách sạn. Chúng tôi sẽ có những khu vực được chỉ định hút thuốc đối với những khách hàng có nhu cầu.\r\n\r\nPavillon Garden Hotel & Spa hoạt động dưới sự lãnh đạo của tập đoàn đầu tư Facago. Ở Facago, chúng ta tin rằng đây là nơi chúng ta sống, làm việc và vui chơi, nó có tầm quan trọng đến cuộc sống của chúng ta. Những năm gần đây, xã hội ngày một thay đổi và Facago nhận ra rằng tầm quan trọng của làm việc hết sức để giúp đỡ cộng đồng di chuyển theo hướng thay đổi sâu sắc trong xã hội thông qua phương châm “Cải thiện và tạo cảm hứng cho cuộc sống tốt hơn”. Do đó, Pavillon Garden Hotel & Spa là niềm tự hào của Facago, chúng tôi sẽ phục vụ cộng đồng với tầm nhìn và sứ mạng chung này.', 1305000, 2),
(12, 'Khách Sạn Modern Sky Nha Trang', '94L7 Nguyễn Thị Minh Khai, Thành phố Nha Trang ', 'Khách Sạn Modern Sky Nha Trang tọa lạc tại số 94L7 Nguyễn Thị Minh Khai, Thành phố Nha Trang, chỉ cần 10 phút đi bộ là bạn có thể chiêm ngưỡng vẻ quyến rũ đặc biệt của bãi biển Nha Trang và các điểm tham quan trung tâm thành phố.      \r\n\r\nKhách Sạn Modern Sky Nha Trang là một khách sạn 2 sao sang trọng, đủ tiêu chuẩn quốc tế.  Với 23 phòng sang trọng và 2 căn hộ tiện nghi trải rộng trên 7 tầng cung cấp cho bạn một ngôi nhà ấm áp và dễ chịu khi đi xa. Tất cả các phòng được trang bị đầy đủ tiện nghi hiện đại với nội thất được thiết kế bằng gỗ chất lượng cao.\r\n\r\nTại Khách Sạn Modern Sky Nha Trang, dịch vụ hoàn hảo và thiết bị tối tân tạo nên một kì nghỉ khó quên. Vì sự thoải mái và tiện nghi của khách, khách sạn trang bị đầy đủ dịch vụ giặt là, giữ hành lý, dịch vụ du lịch, phòng gia đình, đưa đón khách sạn/sân bay. Hãy trải nghiệm qua các thiết bị phòng chất lượng cao cấp trong suốt thời gian bạn lưu lại. Một số phòng được trang bị đồ dùng nhà tắm, máy điện thoại, tivi LCD/Plasma, truyền hình cáp, két sắt, giúp cho bạn phục hồi sức khỏe sau một ngày dài. \r\n\r\nTừ Khách Sạn Modern Sky Nha Trang, khách du lịch sẽ được thoả sức đắm chìm trong những cảnh đẹp của Khánh Hòa như bãi biển Cà Ná, bãi biển Nha Trang, chợ đêm, tháp Trầm Hương, công viên nước Phù Đổng… Quý khách có thể tự thiết kế riêng cho mình một lịch trình tham quan, nghỉ dưỡng hoặc đặt tour du lịch khám phá các địa danh nổi tiếng tại quầy khách sạn để có được chuyến đi đáng nhớ nhất. ', 799000, 2),
(14, 'Khách sạn InterContinental Nha Trang', ' 32 - 34 Trần Phú, Phường Lộc Thọ, Nha Trang, Khánh Hòa ', 'Khách sạn InterContinental Nha Trang tọa lạc tại 32-34 Trần Phú , Ven Biển / Trung Tâm Đường Trần Phú, Nha Trang, Việt Nam\r\n\r\nNằm ở vị trí thuận lợi thuộc Nha Trang, Khách sạn InterContinental Nha Trang là một nơi nghỉ chân tuyệt vời để tiếp tục khám phá thành phố sôi động. Chỉ cách trung tâm thành phố khoảng 0.5 Km và bạn có thể đến sân bay trong vòng 40 phút. Với vị trí thuận lợi, khách sạn dễ dàng tiếp cận những điểm tham quan du lịch nổi tiếng của thành phố.\r\n\r\nĐơn giản là tất cả những dịch vụ và tiện nghi mà bạn trông đợi từ Khách sạn InterContinental Nha Trang khiến bạn thoải mái như đang ở trong nhà mình. Nói đến một số thiết bị trong khách sạn, có nhà hàng, quán bar cạnh bể bơi, két sắt, người vận chuyển hành lý, dịch vụ đưa đón.\r\n\r\nThêm vào đó, tất cả những phòng khách đều được đặc biệt trang bị những tiện nghi như tắm bồn và tắm hoa sen riêng, hẹn giờ báo thức, máy pha trà/cà phê, tivi LCD/Plasma, máy điện thoại để làm hài lòng những vị khách khó tính nhất. Khách sạn được trang bị cơ sở vật chất tuyệt vời, bao gồm spa, phòng tắm hơi, bể bơi (trẻ em), khu vui chơi trẻ em, câu lạc bộ trẻ em, giúp cho bạn thư giãn sau một ngày khám phá các sự kiện thú vị trong thành phố. Cơ sở vật chất tốt và vị trí hoàn hảo làm cho Khách sạn InterContinental Nha Trang trở thành nơi tuyệt vời để bạn tận hưởng kì nghỉ ở Nha Trang', 1999000, 2),
(15, 'Richis Beach Resort Phú Quốc', '90 Trần Hưng Đạo, Dương Đông, Phú Quốc , Kiên Giang', 'Richis Beach Resort Phú Quốc trải rộng trên bãi biển lãng mạn tuyệt đẹp thuộc thị trấn Dương Đông. Với lợi thế địa lý có mặt hướng ra biển, cùng không gian rộng rãi được thiết kế sang trọng, Richis Beach Resort Phú Quốc kết hợp sự tiện nghi và khung cảnh thiên nhiên, hứa hẹn sẽ là một điểm dừng chân hoàn hảo.\r\n\r\nRichis Beach Resort Phú Quốc với thiết kế sang trọng cùng gam màu trắng chủ đạo, mỗi phòng là một sự kết hợp hài hòa độc đáo giữa cổ điển và hiện đại. Các dãy phòng đều rộng rãi, thoáng mát với hướng nhìn ra biển và sân vườn. Giường ngủ với kích thước lớn và chất liệu sang trọng mang đến sự thư giãn thoải mái. Sau khoảng thời gian di chuyển xa xôi hay sau những chuyến dã ngoại, những mệt nhọc của bạn sẽ được xóa tan bằng những tiện nghi hiện đại trong phòng tắm với đầy đủ những vật dụng cá nhân cần thiết. Với thiết kế gần gũi, bước chân ra ban công là khung cảnh thiên, phía xa là một mảng trời và biển bao la xanh biếc, những căn phòng ở đây thích hợp để thư giãn, đọc sách và thưởng thức ly nước trái cây mát lạnh, thơm lừng.\r\n\r\nNhà Hàng Richis tại Richis Beach Resort Phú Quốc sẽ mang đến cho bạn sự trải nghiệm ẩm thực thật sự khó quên. Mọi thứ lại càng trở nên thú vị hơn cả bởi sự mơn trớn của những cơn gió mát nhẹ nhàng từ biển.\r\n\r\nẨm thực Việt Nam vốn nổi tiếng bởi sự thanh đạm nhưng vẫn giữ được nét tinh tế trong hương vị. Chưa kể đến các món ăn có thể làm bạn bất ngờ với những kết hợp táo bạo giữa các thành phần nguyên liệu. Nhờ nằm trong vùng khí hậu nhiệt đới, thảm thực vật phát triển phong phú đã cung cấp cho các món ăn Việt lượng lớn sự lựa chọn các loại thảo mộc tốt cho sức khỏe. Bên cạnh đó, những phương thức nấu ăn xưa độc đáo được truyền lại từ các thế hệ đi trước cũng góp phần tạo nên sự đậm đà trong hương vị từng món ăn. Mời bạn đến với thực đơn món ăn Việt Nam tại đây, cùng hòa mình vào dòng chảy ẩm thực truyền thống để tìm về bản sắc dân tộc.\r\n\r\nBãi biển Richis Beach Resort thích hợp cho sự lãng mạn cũng cho bạn thức thực đơn đặc biệt mà các đầu bếp sáng tạo riêng cho nhà hàng. Bạn cũng có thể thưởng thức tiệc hải sản xiên que nước và tiệc nướng hải sản tự chọn mỗi đêm, thoải mái thưởng thức những nguyên liệu tươi ngon nhất được lựa chọn từ các phiên chợ sớm. Hãy yên tâm vì Richis sẽ luôn đem đến cho các bạn những món hải sản tươi sống và đặc trưng nhất của vùng biển Phú Quốc tuyệt đẹp.\r\n\r\nKhông chỉ là hải sản, bạn cũng có thể thưởng thức thịt bò Úc - loại thịt bò thượng hạng đến từ những con bò được thả rong trên những đồng cỏ xanh mát ở Úc. Vị giác của bạn sẽ được kích thích tối đa bởi những cách chế biến phong phú và đầy sáng tạo của các đầu bếp: hun khói, áp chảo hay nướng trực tiếp dưới ngọn lửa đỏ bập bùng của bếp than hồng. Các loại nước sốt đặc biệt và những món ăn phụ đi kèm sẽ là chất xúc tác tuyệt vời để món nướng của bạn trở nên hoàn hảo.\r\n\r\nHãy tận hưởng một trải nghiệm ẩm thực với hương vị đáng nhớ hòa quyện cùng những làn gió biển mát rượi. Thực đơn gồm một lựa chọn tinh tế của ẩm thực phương đông và phương tây với chủ đạo là hải sản tươi sống bản địa cùng các loại thịt nướng kết hợp với các loại rượu vang tốt nhất từ khắp nơi trên thế giới.', 2088000, 3),
(16, 'Khách sạn Ocean Pearl Phú Quốc', ' 99 Trần Hưng Đạo, Phú Quốc, Kiên Giang', 'Tọa lạc ngay tại trung tâm thị trấn Dương Đông, trên trục đường Trần Hưng Đạo hướng về An Thới, với diện tích rộng thoáng cùng tầm nhìn hướng ra biển xanh, khách sạn Ocean Pearl Phú Quốc (tiêu chuẩn 4 sao) là nơi dừng chân lý tưởng cho du khách nghỉ ngơi sau những giờ làm việc mệt mỏi và căng thẳng.\r\n\r\nKhách sạn Ocean Pearl Phú Quốc được xây dựng mang phong cách sang trọng, lịch lãm, trang bị đầy đủ tiện nghi hiện đại nhất, đảm bảo sẽ mang lại cho du khách một kỳ nghỉ thật ấn tượng. Nơi đây phù hợp với cả khách doanh nhân đi công tác hoặc khách du lịch. Khách sạn có quy mô bao gồm 169 phòng nghỉ sang trọng đạt tiêu chuẩn 4 sao, cơ sở vật chất hiện đại: giường nệm êm ái, điều hòa, truyền hình vệ tinh, điều hòa nhiệt độ, phòng tắm riêng với đầy đủ các thiết bị vệ sinh... Các tiện ích như: hệ thống mạng wifi với đường truyền băng thông rộng, điện thoại đàm thoại trong nước và Quốc tế sẽ đáp ứng đầy đủ các nhu cầu nghỉ ngơi và làm việc của du khách.\r\nHệ thống dịch vụ tiện ích như nhà hàng, thang máy hiện đại đảm bảo đi lại thuận tiện và nhanh chóng, bãi đậu xe ôtô, dịch vụ đưa đón sân bay, giặt ủi, dịch vụ phòng, lễ tân 24h, dịch vụ đặt vé, tour... luôn sẵn sàng phục vụ du khách.\r\n\r\nVới vị trí đẹp và trang thiết bị hội họp đầy đủ, khách sạn Ocean Pearl Phú Quốc là sự lựa chọn lý tưởng dành cho hội họp. Không gian rộng rãi với sức chứa đến 300 khách cùng hệ thống thiết bị âm thanh hiện đại, khách sạn là địa điểm tổ chức của những sự kiện hội họp, tiệc theo chủ đề.\r\nKhách sạn Ocean Pearl Phú Quốc có đội ngũ nhân viên chuyên nghiệp, lịch sự và chu đáo, sẽ góp phần mang lại cho quý khách một kỳ nghỉ tuyệt vời, đầy ấn tượng với thiên nhiên tại đảo Ngọc Phú Quốc.', 1826000, 3),
(17, 'Khách Sạn Galaxy Phú Quốc', '77 Trần Hưng Đạo, khu phố 7 Dương Đông, Phú Quốc', 'Khách Sạn Galaxy Phú Quốc nằm trong trục lộ chính của thị trấn Dương Đông. Cùng với các khu nghỉ dưỡng khác, khách sạn Galaxy được bao bọc bởi các cửa hàng mua sắm đa dạng, các quầy lưu niệm cũng như các nhà hàng hải sản chuyên biệt. Từ đây bạn chỉ tốn 15 phút đi bộ để đến chợ đêm Dinh Cậu với hàng trăm gian hàng hải sản tươi sống, quà lưu niệm.\r\n\r\nTiêu chuẩn tương đương 3 sao, Khách Sạn Galaxy Phú Quốc có 37 phòng được thiết kế hài hòa về màu sắc và đầy đủ về trang thiết bị tiện nghi. Với tất cả những yếu tố đó, khách sạn sẽ đem lại cho du khách một trải nghiệm khó quên trong suốt thời gian lưu trú tại đây. Góp phần tạo nên một chuyến nghỉ dưỡng khó quên tại biển đảo Phú Quốc.\r\n\r\nPhòng Vip rất thích hợp cho gia đình. Với nội thất hiện đại, không gian yên tĩnh và thoáng mát, phòng có cửa sổ hướng nội hoặc hướng phố, tiện nghi đầy đủ và tốt nhất.\r\nPhòng Deluxe rất thích hợp cho nhóm bạn bè hoặc gia đình và có thể được bố trí thêm một giường phụ nếu cần. Với nội thất hiện đại, không gian yên tĩnh và thoáng mát. Phòng có cửa sổ hướng nội hoặc hướng phố. Tiện nghi đầy đủ và tốt nhất.\r\n\r\nPhòng Superior với không gian yên tĩnh hòa cùng không khí se lạnh của biển và một chút hơi sương của núi đồi hùng vĩ … Và đây chính là thời điểm thích hợp mà những đôi tình nhân đang trong hành trình tìm kiếm một nơi lý tưởng để thư giãn sau những bộn bề của cuộc sống.', 590000, 3),
(18, ' Khách sạn Gaia Phú Quốc ', '71 Trần Hưng Đạo, khu phố 7, thị trấn Dương Đông, huyện Phú Quốc, tỉnh Kiên Giang, Phú Quốc , Kiên Giang ', 'Gaia Hotel Phu Quoc 3 sao có 59 phòng, tất cả các phòng nghỉ tại Gaia được thiết kế để bạn có thể ngắm nhìn biển xanh vào ban ngày và những con đường lung linh sôi động vào ban đêm. Ngoài ra khách sạn Gaia Phú Quốc cung cấp một số dịch vụ cần thiết phục vụ khách trong thời gian lưu trú: nhà hàng, hồ bơi, phòng tập thể dục, dịch vụ giặt ủi, ....\r\nVới vị trí thuận lợi cách chợ đêm Phú Quốc chỉ 1km và cách sân bay quốc tế Phú Quốc chỉ 8km, Gaia Hotel Phu Quoc là một điểm đến lý tưởng cho du khách khi đến với đảo ngọc.\r\nĐến với Gaia Hotel Phu Quoc, du khách không chỉ được tận hưởng dịch vụ khách sạn tiện nghi, ấm cúng mà còn được tư vấn và phục vụ chu đáo với các dịch vụ tham quan đảo ngọc, cho thuê ô tô, xe máy, xe đạp miễn phí, các tour đặc trưng vùng biển đảo như lặn biển, câu cá, ngắm san hô, kayak, ...', 787000, 3),
(22, 'Khách sạn Hương Giang Resort & Spa Huế', '51 Lê Lợi, Huế, Thừa Thiên Huế', 'Hương Giang Resort & Spa Huế nằm ở trung tâm thành phố, bên dòng sông Hương êm đềm và thơ mộng, là nơi lý tưởng để Qúi khách thưởng ngoại toàn cảnh thành phố Huế - thánh địa du lịch Việt Nam nổi tiếng với 2 di sản văn hóa thế giới được UNESCO công nhận.\r\n\r\nNét đặc biệt của khách sạn Hương Giang Resort & Spa là sự kết hợp hài hòa giữa kiến trúc hiện đại và nội thất trang trí theo kiểu truyền thống Huế - Việt Nam hòa quyện trong khung cảnh xanh tươi của vùng cây nhiệt đới bốn mùa hoa nở. Soi bóng xuống dòng Hương êm đềm và thơ mộng, khách sạn Hương Giang Hotel Resort & Spa sẽ đem đến cho quý khách những ấn tượng khó phai.', 900000, 4),
(23, 'Khách Sạn Jasmine Huế', '8-10 Chu Văn An, Huế, Thừa Thiên Huế', 'Khách Sạn Jasmine Huế tọa lạc ngay trung tâm thành phố, khách sạn Jasmine nằm trên tuyến đường đắc địa bậc nhất tại Huế. Khách sạn Jasmine được thiết kế với kiến trúc mang vẻ thanh lịch kết hợp với không gian hiện đại và sang trọng mà bạn có thể dễ dàng tìm thấy giữa trung tâm du lịch của Huế, bên sông Hương êm đềm và khung cảnh hữu tình sông núi đặc trưng rất Huế.\r\n\r\nKhách sạn Jasmine sẽ đem đến cho bạn những cảm xúc khó quên trong suốt hành trình khám phá vẻ đẹp của sự kết hợp hài hòa giữa quá khứ và hiện tại, thiên nhiên và con người Huế, là nơi khiến cho bạn, dù xa nhà, vẫn cảm thấy như còn một ngôi nhà khác và những người bạn thân thiết ở bên mình.\r\nĐược thiết kế theo hơi hướng hiện đại, căn phòng mang màu sắc của sự ấm áp, với điểm nhấn là tông nâu trầm của nội thất tạo cảm giác sang trọng và lịch lãm cho căn phòng. Màu nâu  có tác dụng nuôi dưỡng các nguồn năng lượng sống trong các căn phòng, đặc biệt phù hợp với những người trầm tính bởi do yếu tố “tĩnh” tự thân của màu sắc này mang lại. Với những ai yêu thích sự tĩnh lặng thì phòng Suit sẽ là sự lựa chọn tuyệt vời, hứa hẹn sẽ mang đến cho du khách những cảm nhận mới mẻ nhất sau những chuyến rong ruổi trên khắp phố phường.', 700000, 4),
(26, 'Khách Sạn Century Riverside Huế', '49 Lê Lợi, Huế, Thừa Thiên Huế ', 'Khách sạn Century Riverside Huếấn tương với du khách bởi hai hàng dừa cao vi vút dọc lối vào. Đằng sau hàng dừa là một tòa nhà trắng đẹp nguy nga tráng lệ làm bạn không khỏi ngạc nhiên trước vẻ đẹp ấy.\r\n\r\n \r\n\r\nKhách sạn Century Riverside Huế với 135 phòng ngủ nằm trong một khuôn viên rộng hơn 20.000m2 xung quanh là những vườn cây trái, tràn đầy hoa và thảm cỏ xanh như một khu resort, tọa lạc cạnh cầu Tràng tiền và bên dòng sông Hương thơ mộng.\r\n\r\nKhách sạn Century Riverside Huế với hệ thống phòng ngủ sang trọng, các dịch vụ phong phú, hoàn hảo cùng với phong cách phục vụ ân cần, lịch sự, sẽ đem đến cho quý khách một kỳ nghỉ hài lòng và ấn tượng.', 783000, 4),
(27, 'Khách Sạn Asia Huế', ' 17 Phạm Ngũ Lão, Huế, Thừa Thiên Huế ', 'Khách Sạn Asia Huế nằm ngay tại trung tâm Huế với tầm nhìn sông Hương. Từ khách sạn đến sân bay Phú Bài mất 15 phút, đến sân ga Huế mất 5 phút. Từ Đà Nẵng đến khách sạn mất gần 1,5 tiếng lái xe.\r\n\r\nKhách Sạn Asia Huế là khách sạn 4 sao tọa lạc ngay tại trung tâm thành phố Huế bên bờ sông Hương thơ mộng, gần cây cầu Tràng Tiền lịch sử và chợ Đông Ba. Khách sạn gồm 12 tầng mang phong cách cổ kính và thanh nhã, với 12 phòng Suite, được trang bị đầy đủ tiện nghi hiện đại. Ngoài ra, khách sạn còn bao gồm hai nhà hàng, một bể bơi ngoài trời, phòng sauna, và một phòng chức năng dành cho hội họp, công tác.\r\n\r\nKhách sạn có dịch vụ đưa đón sân bay theo yêu cầu. Kiến trúc khách sạn được thiết kế thanh lịch, tinh tế và quyến rũ. Khách Sạn Asia Huế hứa hẹn mang đến một kỳ nghỉ thoải mái, ấm áp của đất nước Việt Nam truyền thống hiếu khách.\r\n\r\nKhách sạn gần với sông Hương êm đềm, cách không xa chợ Đông Ba và cầu Tràng Tiền.\r\n\r\nBên cạnh đó, khi đặt phòng Khách Sạn Asia Huế, khách sạn còn gợi ý cho bạn những hoạt động vui chơi giải trí bảo đảm bạn luôn thấy hứng thú trong suốt kì nghỉ. Dù bạn đến để thư giãn hay làm gì, Khách Sạn Asia Huế luôn là sự lựa chọn hoàn hảo cho kì nghỉ của bạn ở Huế. ', 807000, 4),
(30, 'Khách sạn Iris Đà Lạt', '20 Phan Như Thạch, P1, Tp Đà Lạt, Đà Lạt, Lâm Đồng ', '', 626000, 5),
(32, 'Khách sạn Marguerite', '30-32, Nguyễn Chí Thanh, Phường 1, Đà Lạt, Lâm Đồng ', '', 573000, 5),
(33, 'Khách sạn White Pearl ', '53-55 PHAN NHƯ THẠCH, Phường 1, Đà Lạt, Lâm Đồng ', 'Khách sạn nằm trong trung tâm thành phố Đà Lạt, cách chợ Đà Lạt 0,5 km, thuận tiện cho việc đi lại và mua sắm của du khách. Toạ lạc tại khu phố trung tâm của thành phố nhưng không ồn ào náo nhiệt và vẫn giữ được vẻ yên tĩnh - một nét rất riêng của Đà Lạt, tạo cho du khách một sự yên tâm khi chọn khách sạn là nơi để nghỉ ngơi cùng gia đình, bạn bè.\r\nVới đầy đủ các dịch vụ và trang thiết bị, dù mới chỉ đi vào hoạt động được gần 2 tháng nhưng #whitepearl luôn lấy được sự tin cậy và hài lòng của du khách mỗi lần đặt chân tới đây. \r\nChúng tôi luôn sẵn sàng phục vụ và tư vấn mọi thắc mắc của du khách về du lịch và dịch vụ tại Đà Lạt. Rất mong được đón chào các du khách đến với thành phố Đà Lạt mộng mơ và cùng trải nghiệm cảm xúc về thành phố yên bình này. ', 549000, 5),
(35, 'Khách Sạn Nice Dream', 'Số 1 Nguyễn Thi Minh Khai, thành phố Đà Lạt, Đà Lạt, Lâm Đồng ', 'Khách sạn Nice Dream tọa lạc ở vị trí đắc địa ngay trung tâm thành phố, chỉ cách chợ Đà Lạt và hồ Xuân Hương vài phút đi bộ, hồ Xuân Hương cũng chỉ cách khách sạn khoảng 200m. Từ khách sạn, quý khách có thể đến Vườn hoa Đà Lạt chỉ cách đó 1,6 km và cách Thiền viện Trúc lâm 5 km. Sân bay gần nhất là Sân bay Liên Khương, cách khách sạn 23 km.\r\n\r\n \r\nKhách sạn Nice Dream có tổng cộng 42 phòng nghỉ được xây dựng hoàn toàn mới, trang thiết bị tiện nghi và không gian thoáng đãng xứng đáng với chất lượng 3 sao quốc tế. Mỗi phòng đều được trang bị TV truyền hình cáp màn hình phẳng, bàn làm việc, bình đun nước điện, một số phòng có khu vực tiếp khách, nơi quý khách có thể thư giãn. Phòng tắm riêng sạch sẽ và sang trọng với bồn tắm đứng kèm hê thống nước nóng siêu tốc. Dép và đồ vệ sinh cá nhân miễn phí đều được cung cấp trong phòng.\r\n \r\n\r\nKhách sạn Nice Dream có đội ngũ nhân viên thân thiện, nhiệt tình, sẵn sàng phục vụ quý khách 24/24. Khách sạn có các dịch vụ như: giặt là, giữ đồ. Chắc chắn quý khách sẽ có giây phút thoải mái nhất khi ở đây.', 696000, 5),
(36, 'Khách sạn Asiana Sapa', '27 Hoàng Liên, SaPa , Lào Cai ', 'Khách Sạn Asiana Sapa gồm các phòng có không khí yên bình và tuyệt vời với tivi, nước nóng lạnh, có phong có ban công ngắm cảnh, cung cấp miễn phí Wi-fi tất cả các phòng, dịch vụ du lịch, thu đổi ngoại tệ, cho thuê xe… Khách sạn được trang bị cơ sở vật chất tuyệt vời giúp cho bạn thư giãn sau một ngày khám phá các sự kiện thú vị trong thành phố.\r\n\r\nNếu bạn là người thích khám phá những di sản phi vật thể hay tìm hiểu trải nghiệm với thiên nhiên, Khách Sạn Asiana Sapa có những dịch vụ đặt tour tham quan đỉnh Phan Si Păng, núi Hàm Rồng, nhà thờ cổ, thung lũng Mường Hoa, thác Bạc, cổng trời, hang tiên, … Hay có thể thưởng thức những món ngon đặc sản nơi đây như cá hồi, cá tầm tươi, lợn cắp nách, thắng cố, gà đen, …\r\n\r\nVới đội ngũ nhân viên giàu kinh nghiệm, làm việc theo phong cách chuyên nghiệp, phục vụ suốt 24/7 và các tiện nghi hiện đại. Chuyến du lịch của bạn sẽ trọn vẹn và ý nghĩa hơn nếu bạn chọn Khách Sạn Asiana Sapa.', 205000, 6),
(39, 'Khách Sạn Riverside 2 Sapa', '18 Ngũ Chỉ Sơn, Thị trấn SaPa, SaPa , Lào Cai ', 'Khách sạn Riverside 2 có vị trí tại Số 18 Ngũ Chỉ Sơn - Thị trấn SaPa – Lào Cai. Là điểm dừng chân lý tưởng cho quý khách khi đến với Sapa để khám phá những cảnh quan thiên nhiên của khu vực này. Khách sạn cách Ga và bến xe Lào Cai 33 km.\r\n\r\nKhách sạn Riverside 2 được xây dựng theo tiêu chuẩn 2 sao là một lựa chọn lý tưởng cho quý khách cho dù đi du lịch hay đi công tác với giá cả hợp lí. Các phòng nghỉ tại khách sạn được trang trí theo phong cách hiện đại và hệ thống ánh sáng ấm áp. Khi đặt phòng khách sạn Riverside 2, du khách sẽ được nghỉ ngơi thoải mái sau những ngày làm việc căng thẳng hay tận hưởng những giây phút ấn tượng và khó quên bên gia đình và những người thân yêu.\r\n\r\nTại khách sạn Riverside 2 mọi sự cố gắng đều nhằm mục đích khiến cho du khách hài lòng. Để làm được điều đó, khách sạn đã cung cấp dịch vụ và tiện nghi tốt nhất. Khi nghỉ ngơi trong khách sạn tuyệt vời này, khách có thể sử dụng wifi ở khu vực công cộng, phục vụ ăn tại phòng, dịch vụ giặt là/ giặt khô, nhà hàng… Thêm vào đó, tất cả các phòng đều được đặc biệt trang bị những tiện nghi như vòi hoa sen, tivi, tủ đồ ăn uống nhẹ, để làm hài lòng những vị khách khó tính nhất. Bên cạnh đó, khách sạn còn gợi ý cho bạn những hoạt động vui chơi giải trí bảo đảm bạn luôn thấy hứng thú trong suốt kì nghỉ. Các nhân viên Mytour sẽ rất sẵn lòng tư vấn giúp quý khách lựa chọn và đặt phòng giá rẻ nhất khi quý khách tới đây.\r\n\r\nNằm tại trung tâm thành phố, vị trí đẹp của khách sạn bảo đảm du khách có thể đến tham quan những địa điểm du lịch nhanh chóng và dễ dàng. Với những điểm du lịch chính của thành phố như chợ tình Sapa, núi Hàm Rồng, thác Bạc, Cầu Mây, bản Cát Cát, bản Tả Van, Tả Phìn, Cổng trời… hàng năm thu hút rất nhiều lượt du khách đặt tour du lịch tới đây tham quan. Ngoài ra du khách có thể thỏa sức mua sắm những món quà lưu niệm độc đáo, các loại đồ thổ cẩm ở chợ Bắc Hà hay đêm xuống, ra phố nướng uống rượu San lùng và ăn đồ nướng..', 454000, 6),
(40, 'Khách Sạn Stunning View Sapa', '63 Mường Hoa, SaPa , Lào Cai ', 'Khách Sạn Stunning View Sapa tọa lạc tại số 63 Mường Hoa, Sapa, Lào Cai, nằm ở vị trí thuận lợi có hệ thống các phòng nghỉ yên tĩnh, thoải mái. Chỉ cách Hàm Rồng 500m, cách núi Phanxipang 8km.\r\n\r\nTại khách Sạn Stunning View Sapa, dịch vụ hoàn hảo và thiết bị tối tân tạo nên một kì nghỉ khó quên. Vì sự thoải mái và tiện nghi của khách, khách sạn trang bị đầy đủ bãi đỗ xe, dịch vụ trông xe, két sắt, phòng hút thuốc, phòng gia đình.\r\n\r\nTất cả nơi ăn chốn ở của khách đều có trang bị tiện nghi chu đáo để bảo đảm khách có cảm giác dễ chịu không nơi nào sánh được. Bên cạnh đó, khách sạn còn gợi ý cho bạn những hoạt động vui chơi giải trí bảo đảm bạn luôn thấy hứng thú trong suốt kì nghỉ. Khách Sạn Stunning View Sapa là một sự lựa chọn thông minh cho du khách khi đến Sapa, nơi mang lại cho họ một kì nghỉ thư giãn và thoải mái. Dù bạn đến để thư giãn hay làm gì, khách sạn luôn là sự lựa chọn hoàn hảo cho kì nghỉ của bạn ở Lào Cai.', 291000, 6),
(41, 'Khách Sạn Arengo Sapa', '60 Ngũ Chỉ Sơn, SaPa , Lào Cai ', 'Khách Sạn Arengo Sapa tọa lạc tại vị trí lí tưởng ở Trung tâm Thành phố Sa Pa; một trong những khu vực nổi tiếng của thành phố. Khách sạn nằm cách trung tâm thành phố 30 km và dễ dàng tiếp cận các địa điểm khác trong thành phố . Một số nơi cho bạn khám phá, cánh đồng đá cổ, động Ta Phôi Cẩm Dương, Dân tộc xã Tả Phìn là một trong những điểm du lịch thích hợp cho khách du lịch.\r\n\r\nThiết bị và dịch vụ cung cấp bởi Khách Sạn Arengo Sapa bảo đảm kì nghỉ dễ chịu cho du khách. Vì sự thoải mái và tiện nghi của khách, khách sạn trang bị đầy đủ thang máy, dịch vụ đưa đón, cho thuê xe đạp, dịch vụ giặt là/giặt khô, dịch vụ ăn tại phòng 24 giờ.\r\n\r\nHãy trải nghiệm qua thiết bị phòng chất lượng cao cấp, bao gồm két sắt, vòi hoa sen, bồn tắm, két an toàn cho Laptop, truy cập internet không dây (miễn phí), giúp cho bạn phục hồi sức khỏe sau một ngày dài. Những phương tiện giải trí của khách sạn bao gồm tắm nước khoáng nóng, thể thao dưới nước (có động cơ), tắm hơi, vườn, thể thao dưới nước (không có động cơ) được thiết kế để đem đến cho bạn sự thư giãn thoải mái. Với vị trí lý tưởng và cơ sở vật chất thích hợp, Khách Sạn Arengo Sapa đạt được tiêu chuẩn ở mọi khía cạnh.\r\n\r\nBên cạnh đó, khi đặt phòng Khách Sạn Arengo Sapa, khách sạn còn gợi ý cho bạn những hoạt động vui chơi giải trí bảo đảm bạn luôn thấy hứng thú trong suốt kì nghỉ. Dù bạn đến để thư giãn hay làm gì, Khách Sạn Arengo Sapa luôn là sự lựa chọn hoàn hảo cho kì nghỉ của bạn ở Lào Cai. ', 670000, 6),
(42, 'Khách Sạn Pumpkin Sapa', '14 Đồng Lợi, Thị Trấn Sapa, Khu họp chợ, SaPa , Lào Cai ', 'Khách sạn Pumpkin Sapa có vị trí tại 14 Đồng Lợi, Thị Trấn Sapa, Khu họp chợ, Sapa (Lào Cai). Khách sạn là điểm dừng chân lý tưởng cho quý khách khi đến với Sapa để khám phá những cảnh quan thiên nhiên của khu vực này. Khách sạn cách Ga Lào Cai 34 km, Bến xe khách Sa Pa 600 m.\r\n\r\nKhách sạn Pumpkin Sapa được tu sửa lại vào năm 2010 theo tiêu chuẩn 2 sao là một lựa chọn lý tưởng cho quý khách cho dù đi du lịch hay đi công tác với giá cả hợp lí. Các phòng nghỉ tại khách sạn được trang trí theo phong cách hiện đại và hệ thống ánh sáng ấm áp. Khi đặt phòng khách sạn Pumpkin Sapa, du khách sẽ được nghỉ ngơi thoải mái sau những ngày làm việc căng thẳng hay tận hưởng những giây phút ấn tượng và khó quên bên gia đình và những người thân yêu.\r\n\r\nTại khách sạn Pumpkin Sapa mọi sự cố gắng đều nhằm mục đích khiến cho du khách hài lòng. Để làm được điều đó, khách sạn đã cung cấp dịch vụ và tiện nghi tốt nhất. Khi nghỉ ngơi trong khách sạn tuyệt vời này, khách có thể sử dụng wifi ở khu vực công cộng, phục vụ ăn tại phòng, dịch vụ giặt là/ giặt khô, nhà hàng… Thêm vào đó, tất cả các phòng đều được đặc biệt trang bị những tiện nghi như vòi hoa sen, tivi, tủ đồ ăn uống nhẹ, để làm hài lòng những vị khách khó tính nhất. Bên cạnh đó, khách sạn còn gợi ý cho bạn những hoạt động vui chơi giải trí bảo đảm bạn luôn thấy hứng thú trong suốt kì nghỉ. Các nhân viên Mytour sẽ rất sẵn lòng tư vấn giúp quý khách lựa chọn và đặt phòng giá rẻ nhất khi quý khách tới đây.', 226000, 6),
(43, 'Khách Sạn Sài Gòn Hạ Long', ' 168 đường Hạ Long, Phường Bãi Cháy, Hạ Long , Quảng Ninh ', 'Khách sạn Sài Gòn Hạ Long cách sân bay quốc tế Nội Bài: 142km cách sân bay Cát Bi: 59km. Khách sạn Sài Gòn – Hạ Long toạ lạc ngay tại trung tâm thành phố, nằm ngay bên bờ biển vịnh Hạ Long.\r\n\r\nKhách sạn Sài Gòn Hạ Long sẽ mang đến cho du khách một kỳ nghỉ dưỡng tuyệt vời bởi khung cảnh Hạ Long thơ mộng. Khách sạn Sài Gòn – Hạ Long tọa lạc ngay bờ biển Vịnh Hạ Long xen vào đó là rừng thông và cỏ xanh sẽ mang đến cho du khách bầu không khí trong lành của biển, cỏ cây và mùi thơm của hoa.\r\n\r\nKhách sạn Sài Gòn Hạ Long có 2 nhà hàng chính phục vụ các món ăn Âu Á có tên gọi là Panorama và Elegant, và 2 quán Bar tên Impression Lobby Bar và Saigon Bar. Với lối thiết kế bằng kính trong suốt sẽ mang đến cho du khách những cảm giác tuyệt vời khi vừa thưởng thức nhiều món ăn Âu Á khác nhau vừa ngắm nhìn vẻ đẹp của thành phố biển qua lớp kính trong suốt.\r\n\r\nKhách sạn Sài Gòn Hạ Long có hệ thống phòng họp đa dạng, nhiều chức năng, tổng sức chứa hơn 1000 khách, được lắp đặt các trang thiết bị nghe nhìn hiện đại chuyên tổ chức các hội nghị, hội thảo, chuyên đề, tiệc, gặp mặt, giới thiệu sản phẩm...\r\n\r\nNgoài ra, khách sạn Sài Gòn Hạ Long còn có sân vườn, bể bơi ngoài trời, sân tennis, bể sục, phòng tắm hơi, spa, massage, phòng thể dục, phòng karaoke, cửa hàng lưu niệm, nhà hàng, quán bar, bãi đỗ xe.\r\n\r\nĐặt phòng khách sạn Sài Gòn Hạ Long, bạn rất thuận tiện để tiếp cận các địa điểm: Hang Đầu Gỗ; Hang Sửng Sốt; Chèo thuyền Kayak; Múa rối nước; Show cá heo; Bãi Cháy; Chợ đêm; Núi Bài Thơ 100m; Đảo Tuần Châu 7km; Núi Yên Tử 10km; Sân Golf Chí Linh 50km.', 807000, 7),
(44, 'Khách Sạn Hạ Long Pearl ', '162 Đường Hạ Long , Bãi Cháy, Hạ Long , Quảng Ninh ', 'Khách sạn Halong Pearl nằm bên bờ Vịnh Hạ Long xinh đẹp - Di sản thiên nhiên thế giới, cách biển, trung tâm du lịch và trung tâm mua sắm chỉ vài bước chân.\r\n\r\nToạ lạc bên bờ Vịnh Hạ Long với biển xanh, cát trắng, nắng gió ôn hoà quanh năm. Khách sạn Hạ Long Pearl không chỉ sở hữu một không gian lý tưởng mà còn  cung cấp  phòng nghỉ sang trọng, tiện nghi,phần lớn các phòng hướng biển, bao quát toàn cảnh Vịnh Hạ Long xinh đẹp. Mytour sẽ hỗ trợ đặt phòng cũng như đặt tour phù hợp nhu cầu chuyến đi của bạn!\r\n\r\nCác dịch vụ cá nhân được cung cấp với chất lượng cao và tiêu chí tôn trọng sự tự do của Khách hàng được đặt lên hàng đầu. Đội ngũ nhân viên Khách sạn Hạ Long Pearl chuyên nghiệp và nhiệt tình sẽ mang đến cho Quý Khách một kỳ nghỉ tuyệt vời trong không gian đẹp thanh bình.\r\n\r\nNhà hàng Century là sự kết hợp hoàn hảo của nền văn hoá phương Đông với sự tinh tế, sang trọng của phương Tây giúp Khách lưu trú có thể thưởng thức các món ăn ngon theo phong cách Á, Âu, và các món đậm đà hương vị Việt Nam.\r\n\r\nBlue Sky Bar với khung cảnh huyền diệu của miền nhiệt đới nằm tại tầng 12 của khách sạn, là nơi tuyệt vời để quý khách  thư giãn sau những chuyến du lịch dài ngày. Với tài nghệ pha chế đồ uống chuyên nghiệp chắc chắn quý khách sẽ hài lòng khi được phục vụ tại đây.\r\n\r\nVới rất nhiều dịch vụ cùng không gian nghỉ dưỡng tiện nghi, đặt phòng  Khách sạn Halong Pearl chính là lựa chọn đúng đắn cho kỳ nghỉ ngơi và thư giãn của bạn.', 888000, 7),
(47, 'Starcity Halong Bay ', 'Đường Hạ Long, Phường Bãi Cháy, Hạ Long , Quảng Ninh ', 'Starcity Halong Bay nằm trên đường Hạ Long, một trong những con đường quan trọng nhất của thành phố Hạ Long. Khách sạn nằm kế bên bờ biển Bãi Cháy của khu du lịch trung tâm. Thuộc khu trung tâm của thành phố Hạ Long, thật dễ dàng để có được các phương tiện vận chuyển từ Starcity Halong Bay như taxi hay xe buýt …\r\n\r\nToạ lạc trong không gian ấm cúng sang trọng ngay đại sảnh của khách sạn là Givral Café - nơi du khách chia sẻ những khoảnh khắc bình yên cùng gia đình và người thân. Tại đây, với ly café hảo hạng, chiếc bánh Givral thơm lừng hay viên kem Mochi mới lạ và sự mát lạnh sảng khoái của ly kem Tràng Tiền với lịch sử hơn 60 năm sẽ giúp du khách nạp đầy năng lượng sau một ngày dài khám phá vịnh biển xinh đẹp.\r\n\r\nÐến với Givral Café, du khách có cơ hội trải nghiệm thực đơn phong phú với món ăn bổ dưỡng mang đầy hương vị của biển được chuẩn bị bởi bếp trưởng giàu kinh nghiệm.', 789000, 7),
(48, 'Khách Sạn Holiday - Hạ Long', '81 Vườn Đào, Bãi Cháy, Hạ Long , Quảng Ninh ', 'Khách sạn Holiday - Hạ Long đạt tiêu chuẩn quốc tế 1 sao là một lựa chọn lý tưởng cho quý khách cho dù đi du lịch hay đi công tác với giá cả hợp lí. Các phòng nghỉ tại khách sạn được trang trí theo phong cách hiện đại và hệ thống ánh sáng ấm áp. Khi đặt phòng khách sạn Holiday - Hạ Long, du khách sẽ được nghỉ ngơi thoải mái sau những ngày làm việc căng thẳng hay tận hưởng những giây phút ấn tượng và khó quên bên gia đình và những người thân yêu.\r\n\r\nTại khách sạn Holiday - Hạ Long mọi sự cố gắng đều nhằm mục đích khiến cho du khách hài lòng. Để làm được điều đó, khách sạn đã cung cấp dịch vụ và tiện nghi tốt nhất. Khi nghỉ ngơi trong khách sạn tuyệt vời này, khách có thể sử dụng thang máy, wifi ở khu vực công cộng, phục vụ ăn tại phòng, phòng hút thuốc, dịch vụ giặt là/ giặt khô, nhà hàng, spa, tắm hơi… Thêm vào đó, tất cả các phòng đều được đặc biệt trang bị những tiện nghi như vòi hoa sen, tivi, tủ đồ ăn uống nhẹ, để làm hài lòng những vị khách khó tính nhất. Bên cạnh đó, khách sạn còn gợi ý cho bạn những hoạt động vui chơi giải trí bảo đảm bạn luôn thấy hứng thú trong suốt kì nghỉ. Các nhân viên Mytour sẽ rất sẵn lòng tư vấn giúp quý khách lựa chọn và đặt phòng giá rẻ nhất khi quý khách tới đây.', 250000, 7);

-- --------------------------------------------------------

--
-- Table structure for table `img_city`
--

CREATE TABLE `img_city` (
  `id` int(11) NOT NULL,
  `link` varchar(500) NOT NULL,
  `id_city` int(11) NOT NULL
) ENGINE=InnoDB DEFAULT CHARSET=utf8;

--
-- Dumping data for table `img_city`
--

INSERT INTO `img_city` (`id`, `link`, `id_city`) VALUES
(1, 'danang.jpg', 1),
(2, 'nhatrang.jpg', 2),
(3, 'phuquoc.jpg', 3),
(4, 'hue.jpg', 4),
(5, 'dalat.jpg', 5),
(6, 'sapa.jpg', 6),
(7, 'halong.jpg', 7);

-- --------------------------------------------------------

--
-- Table structure for table `img_hotel`
--

CREATE TABLE `img_hotel` (
  `id` int(11) NOT NULL,
  `link` varchar(100) NOT NULL,
  `id_hotel` int(11) NOT NULL
) ENGINE=InnoDB DEFAULT CHARSET=utf8;

--
-- Dumping data for table `img_hotel`
--

INSERT INTO `img_hotel` (`id`, `link`, `id_hotel`) VALUES
(1, '1.jpg', 1),
(2, '2.jpg', 1),
(3, '3.jpg', 1),
(4, '4.jpg', 1),
(5, '5.jpg', 1),
(6, '6.jpg', 1),
(7, '7.jpg', 1),
(8, '8.jpg', 1),
(9, '9.jpg', 1),
(10, '10.jpg', 1),
(11, '11.jpg', 2),
(12, '12.jpg', 2),
(13, '13.jpg', 2),
(14, '14.jpg', 2),
(15, '15.jpg', 2),
(16, '16.jpg', 2),
(17, '17.jpg', 2),
(18, '18.jpg', 3),
(19, '19.jpg', 3),
(20, '20.jpg', 3),
(21, '21.jpg', 3),
(22, '22.jpg', 3),
(23, '23.jpg', 3),
(24, '24.jpg', 3),
(25, '25.jpg', 4),
(26, '26.jpg', 4),
(27, '27.jpg', 4),
(28, '28.jpg', 4),
(29, '29.jpg', 4),
(30, '30.jpg', 4),
(31, '31.jpg', 4),
(32, '32.jpg', 4),
(33, '33.jpg', 4),
(34, '34.jpg', 5),
(35, '35.jpg', 5),
(36, '36.jpg', 5),
(37, '37.jpg', 5),
(38, '38.jpg', 5),
(39, '39.jpg', 5),
(40, '40.jpg', 5),
(41, '41.jpg', 5),
(42, '42.jpg', 5),
(43, '43.jpg', 5),
(44, '44.jpg', 9),
(45, '45.jpg', 9),
(46, '46.jpg', 9),
(47, '47.jpg', 9),
(48, '48.jpg', 9),
(49, '49.jpg', 9),
(50, '50.jpg', 9),
(51, '51.jpg', 10),
(52, '52.jpg', 10),
(53, '53.jpg', 10),
(54, '54.jpg', 10),
(55, '55.jpg', 11),
(56, '56.jpeg', 11),
(57, '57.jpeg', 11),
(58, '58.jpeg', 11),
(59, '59.jpeg', 11),
(60, '60.jpeg', 11),
(61, '61.jpg', 12),
(62, '62.jpg', 12),
(63, '63.jpg', 12),
(64, '64.jpg', 12),
(65, '65.jpg', 12),
(66, '66.jpg', 14),
(67, '67.jpg', 14),
(68, '68.jpg', 14),
(69, '69.jpg', 14),
(70, '70.jpg', 14),
(71, '71.jpg', 14),
(72, '72.jpg', 14),
(73, '73.jpg', 14),
(74, '74.jpg', 14),
(75, '75.jpg', 14),
(76, '76.jpg', 14),
(77, '77.jpg', 14),
(78, '78.jpg', 15),
(79, '79.jpg', 15),
(80, '80.jpg', 15),
(81, '81.jpg', 15),
(82, '82.jpg', 15),
(83, '83.jpg', 15),
(84, '84.jpg', 16),
(85, '85.jpg', 16),
(86, '86.jpg', 16),
(87, '87.jpg', 16),
(88, '88.jpg', 16),
(89, '89.jpg', 16),
(90, '90.jpg', 16),
(91, '91.jpg', 17),
(92, '92.jpg', 17),
(93, '93.jpg', 17),
(94, '94.jpg', 17),
(95, '95.jpg', 17),
(96, '96.jpg', 17),
(97, '97.jpg', 17),
(98, '98.jpg', 18),
(99, '99.jpg', 18),
(100, '100.jpg', 18),
(101, '101.jpg', 18),
(102, '102.jpg', 18),
(103, '103.jpg', 18),
(104, '104.jpg', 18),
(105, '105.jpg', 18),
(106, '106.jpg', 18),
(107, '107.jpg', 18),
(108, '108.jpg', 18),
(109, '109.jpg', 22),
(110, '110.jpg', 22),
(111, '111.jpg', 22),
(112, '112.jpg', 22),
(113, '113.jpg', 22),
(114, '114.jpg', 22),
(115, '115.jpg', 22),
(116, '116.jpg', 22),
(117, '117.jpg', 22),
(118, '118.jpg', 22),
(119, '119.jpg', 23),
(120, '120.jpg', 23),
(121, '121.jpg', 23),
(122, '122.jpg', 23),
(123, '123.jpg', 23),
(124, '124.jpg', 26),
(125, '125.jpg', 26),
(126, '126.jpg', 26),
(127, '127.jpg', 26),
(128, '128.jpg', 26),
(129, '129.jpg', 26),
(130, '130.jpg', 26),
(131, '131.jpg', 26),
(132, '132.jpg', 26),
(133, '133.jpg', 27),
(134, '134.jpg', 27),
(135, '135.jpg', 27),
(136, '136.jpg', 27),
(137, '137.jpg', 27),
(138, '138.jpg', 27),
(139, '139.jpg', 27),
(140, '140.jpg', 27),
(141, '141.jpg', 30),
(142, '142.jpg', 30),
(143, '143.jpg', 30),
(144, '144.jpg', 30),
(145, '145.jpg', 30),
(146, '146.jpg', 30),
(147, '147.jpg', 32),
(148, '148.jpg', 32),
(149, '149.jpg', 32),
(150, '150.jpg', 32),
(151, '151.jpg', 32),
(152, '152.jpg', 32),
(153, '153.jpg', 32),
(154, '154.jpg', 32),
(155, '155.jpg', 32),
(156, '156.jpg', 33),
(157, '157.jpg', 33),
(158, '158.jpg', 33),
(159, '159.jpg', 33),
(160, '160.jpg', 35),
(161, '161.jpg', 35),
(162, '162.jpg', 35),
(163, '163.jpg', 35),
(164, '164.jpg', 35),
(165, '165.jpg', 35),
(166, '166.jpg', 35),
(167, '167.jpg', 35),
(168, '168.jpg', 36),
(169, '169.jpg', 36),
(170, '170.jpg', 36),
(171, '171.jpg', 36),
(172, '172.jpg', 36),
(173, '173.jpg', 39),
(174, '174.jpg', 39),
(175, '175.jpg', 39),
(176, '176.jpg', 39),
(177, '177.jpg', 39),
(178, '178.jpg', 39),
(179, '179.jpg', 40),
(180, '180.jpg', 40),
(181, '181.jpg', 40),
(182, '182.jpg', 40),
(183, '183.jpg', 40),
(184, '184.jpg', 40),
(185, '185.jpg', 40),
(186, '186.jpg', 41),
(187, '187.jpg', 41),
(188, '188.jpg', 41),
(189, '189.jpg', 41),
(190, '190.jpg', 41),
(191, '191.jpg', 41),
(192, '192.jpg', 42),
(193, '193.jpg', 42),
(194, '194.jpg', 42),
(195, '195.jpg', 42),
(196, '196.jpg', 43),
(197, '197.jpg', 43),
(198, '198.jpg', 43),
(199, '199.jpg', 43),
(200, '200.jpg', 43),
(201, '201.jpg', 43),
(202, '202.jpg', 44),
(203, '203.jpg', 44),
(204, '204.jpg', 44),
(205, '205.jpg', 44),
(206, '206.jpg', 44),
(207, '207.jpg', 44),
(208, '208.jpg', 44),
(209, '209.jpg', 44),
(210, '210.jpg', 44),
(211, '211.jpg', 47),
(212, '212.jpg', 47),
(213, '213.jpg', 47),
(214, '214.jpg', 47),
(215, '215.jpg', 47),
(216, '216.jpg', 47),
(217, '217.jpg', 47),
(218, '218.jpg', 48),
(219, '219.jpg', 48),
(220, '220.jpg', 48);

-- --------------------------------------------------------

--
-- Table structure for table `img_tour`
--

CREATE TABLE `img_tour` (
  `id` int(11) NOT NULL,
  `link` varchar(200) NOT NULL,
  `id_tour` int(11) NOT NULL
) ENGINE=InnoDB DEFAULT CHARSET=utf8;

--
-- Dumping data for table `img_tour`
--

INSERT INTO `img_tour` (`id`, `link`, `id_tour`) VALUES
(1, '10.jpg', 1),
(2, '11.jpg', 1),
(3, '12.jpg', 1),
(4, '13.jpg', 1),
(5, '14.jpg', 1),
(6, '20.jpg', 2),
(7, '21.jpg', 2),
(8, '22.jpg', 2),
(9, '23.jpg', 2),
(10, '24.jpg', 2),
(11, '30.jpg', 3),
(12, '31.jpg', 3),
(13, '32.jpg', 3),
(14, '33.jpg', 3),
(15, '34.jpg', 3),
(16, '35.jpg', 3),
(17, '36.jpg', 3),
(18, '40.jpg', 4),
(19, '41.jpg', 4),
(20, '42.jpg', 4),
(21, '43.jpg', 4),
(22, '44.jpg', 4),
(23, '45.jpg', 4),
(24, '50.jpg', 5),
(25, '51.jpg', 5),
(26, '52.jpg', 5),
(27, '53.jpg', 5),
(28, '60.jpg', 6),
(29, '61.jpg', 6),
(30, '62.jpg', 6),
(31, '63.jpg', 6),
(32, '64.jpg', 6),
(33, '65.jpg', 6),
(34, '66.jpg', 6),
(35, '67.jpg', 6),
(36, '68.jpg', 6),
(37, '69.jpg', 6),
(38, '80.jpg', 8),
(39, '81.jpg', 8),
(40, '82.jpg', 8),
(41, '83.jpg', 8),
(42, '84.jpg', 8),
(43, '85.jpg', 8),
(44, '86.jpg', 8),
(45, '87.jpg', 8),
(46, '90.jpg', 9),
(47, '91.jpg', 9),
(48, '92.jpg', 9),
(49, '93.jpg', 9),
(50, '94.jpg', 9),
(51, '95.jpg', 9),
(52, '96.jpg', 9),
(53, '97.jpg', 9),
(54, '100.jpg', 10),
(55, '101.jpg', 10),
(56, '102.jpg', 10),
(57, '103.jpg', 10),
(58, '104.jpg', 10),
(59, '105.jpg', 10),
(60, '106.jpg', 10),
(61, '107.jpg', 10),
(62, '110.jpg', 11),
(63, '111.jpg', 11),
(64, '112.jpg', 11),
(65, '113.jpg', 11),
(66, '114.jpg', 11),
(67, '115.jpg', 11),
(68, '116.jpg', 11),
(69, '117.jpg', 11),
(70, '118.jpg', 11),
(71, '119.jpg', 11),
(72, '120.jpg', 12),
(73, '121.jpg', 12),
(74, '122.jpg', 12),
(75, '123.jpg', 12),
(76, '130.jpg', 13),
(77, '131.jpg', 13),
(78, '132.jpg', 13),
(79, '133.jpg', 13),
(80, '134.jpg', 13),
(81, '140.jpg', 14),
(82, '141.jpg', 14),
(83, '142.jpg', 14),
(84, '143.jpg', 14),
(85, '150.jpg', 15),
(86, '151.jpg', 15),
(87, '152.jpg', 15),
(88, '153.jpg', 15),
(89, '154.jpg', 15),
(90, '160.jpg', 16),
(91, '161.jpg', 16),
(92, '162.jpg', 16),
(93, '163.jpg', 16),
(94, '164.jpg', 16),
(95, '165.jpg', 16),
(96, '166.jpg', 16),
(97, '167.jpg', 16),
(98, '168.jpg', 16),
(99, '169.jpg', 16),
(100, '170.jpg', 17),
(101, '171.jpg', 17),
(102, '172.jpg', 17),
(103, '173.jpg', 17),
(104, '174.jpg', 17),
(105, '175.jpg', 17),
(106, '176.jpg', 17),
(107, '177.jpg', 17),
(108, '178.jpg', 17),
(109, '180.jpg', 18),
(110, '181.jpg', 18),
(111, '182.jpg', 18),
(112, '183.jpg', 18),
(113, '184.jpg', 18),
(114, '185.jpg', 18),
(115, '186.jpg', 18),
(116, '187.jpg', 18),
(117, '188.jpg', 18),
(118, '189.jpg', 18),
(119, '190.jpg', 19),
(120, '191.jpg', 19),
(121, '192.jpg', 19),
(122, '193.jpg', 19),
(123, '194.jpg', 19),
(124, '195.jpg', 19),
(125, '200.jpg', 20),
(126, '201.jpg', 20),
(127, '202.jpg', 20),
(128, '203.jpg', 20),
(129, '210.jpg', 21),
(130, '211.jpg', 21),
(131, '212.jpg', 21),
(132, '213.jpg', 21),
(133, '214.jpg', 21),
(134, '215.jpg', 21),
(135, '220.jpg', 22),
(136, '221.jpg', 22),
(137, '222.jpg', 22),
(138, '223.jpg', 22),
(139, '224.jpg', 22),
(140, '225.jpg', 22),
(141, '226.jpg', 22),
(142, '227.jpg', 22),
(143, '228.jpg', 22),
(144, '229.jpg', 22),
(145, '240.jpg', 24),
(146, '241.jpg', 24),
(147, '242.jpg', 24),
(148, '243.jpg', 24),
(149, '244.jpg', 24),
(150, '245.jpg', 24),
(151, '246.jpg', 24),
(152, '250.jpg', 25),
(153, '251.jpg', 25),
(154, '252.jpg', 25),
(155, '253.jpg', 25),
(156, '254.jpg', 25),
(157, '255.jpg', 25),
(158, '256.jpg', 25),
(159, '257.jpg', 25),
(160, '260.jpg', 26),
(161, '261.jpg', 26),
(162, '262.jpg', 26),
(163, '263.jpg', 26),
(164, '264.jpg', 26),
(165, '265.jpg', 26),
(166, '266.jpg', 26),
(167, '267.jpg', 26),
(168, '270.jpg', 27),
(169, '271.jpg', 27),
(170, '272.jpg', 27),
(171, '273.jpg', 27),
(172, '274.jpg', 27),
(173, '275.jpg', 27),
(174, '276.jpg', 27),
(175, '277.jpg', 27),
(176, '278.jpg', 27),
(177, '279.jpg', 27),
(178, '280.jpg', 28),
(179, '281.jpg', 28),
(180, '282.jpg', 28),
(181, '283.jpg', 28),
(182, '284.jpg', 28),
(183, '285.jpg', 28),
(184, '286.jpg', 28),
(185, '287.jpg', 28),
(186, '288.jpg', 28),
(187, '290.jpg', 29),
(188, '291.jpg', 29),
(189, '292.jpg', 29),
(190, '293.jpg', 29),
(191, '300.jpg', 30),
(192, '301.jpg', 30),
(193, '302.jpg', 30),
(194, '303.jpg', 30),
(195, '304.jpg', 30),
(196, '305.jpg', 30),
(197, '310.jpg', 31),
(198, '311.jpg', 31),
(199, '312.jpg', 31),
(200, '330.jpg', 33),
(201, '331.jpg', 33),
(202, '332.jpg', 33),
(203, '333.jpg', 33),
(204, '334.jpg', 33),
(205, '340.jpg', 34),
(206, '341.jpg', 34),
(207, '342.jpg', 34),
(208, '343.jpg', 34),
(209, '344.jpg', 34),
(210, '345.jpg', 34),
(211, '346.jpg', 34),
(212, '347.jpg', 34),
(213, '350.jpg', 35),
(214, '351.jpg', 35),
(215, '352.jpg', 35),
(216, '353.jpg', 35),
(217, '354.jpg', 35),
(218, '355.jpg', 35),
(219, '360.jpg', 36),
(220, '361.jpg', 36),
(221, '362.jpg', 36),
(222, '363.jpg', 36),
(223, '364.jpg', 36),
(224, '365.jpg', 36),
(225, '366.jpg', 36),
(226, '370.jpg', 37),
(227, '371.jpg', 37),
(228, '372.jpg', 37),
(229, '373.jpg', 37),
(230, '374.jpg', 37),
(231, '375.jpg', 37);

-- --------------------------------------------------------

--
-- Table structure for table `tour`
--

CREATE TABLE `tour` (
  `id` int(11) NOT NULL,
  `name_tour` varchar(500) NOT NULL,
  `descc` varchar(5000) NOT NULL,
  `info` varchar(10000) NOT NULL,
  `cost` float NOT NULL,
  `id_city` int(11) NOT NULL
) ENGINE=InnoDB DEFAULT CHARSET=utf8;

--
-- Dumping data for table `tour`
--

INSERT INTO `tour` (`id`, `name_tour`, `descc`, `info`, `cost`, `id_city`) VALUES
(1, 'Tour đi Suối Khoáng Nóng Núi Thần Tài, Đà Nẵng 1 ngày', 'Không chỉ có biển xanh - cát trắng - nắng vàng, Đà Nẵng còn được thiên nhiên ưu ái với cả một loạt kho báu khác: lá phổi xanh của thành phố - Bán Đảo Sơn Trà, khu nghĩ dưỡng Bà Nà quanh năm mát mẻ, dòng khoáng nóng Thần Tài phát mạch lên từ dưới độ sâu hàng ngàn mét... Tất cả góp phần tạo nên  sức hấp dẫn không thể cưỡng của một trong những điểm đến tuyệt vời nhất trên bản đồ du lịch thế giới. Suối khoáng nóng Thần Tài là một dòng suối được phát lộ ngay giữa khu bảo tồn thiên nhiên Bà Nà Núi Chúa, chính vì vậy nó còn hoang sơ đến vô cùng. Bạn sẽ phải ngơ ngẩn khi nhìn những tia khói nước tỏa ra và bay lên như đang ở chốn bồng lai tiên cảnh. Dòng nước ấm áp phun vào từng huyết mạch của bạn sẽ giúp xóa tan bao căng thẳng trong đời thường.', 'Nếu đến Đà Nẵng, ngoài tắm biển và ghé thăm khu dự trữ sinh quyển xanh mát, ít nhất hãy một lần đến khu suối khoáng nóng núi Thần Tài! Với tour du lịch suối khoáng nóng Thần Tài - Đà Nẵng một ngày, du khách sẽ được tận hưởng một ngày nghỉ thật dài giữa thiên nhiên với nhiều hoạt động thú vị. Cũng là cơ hội để phục hồi năng lượng và bồi đắp khoáng chất cho cơ thể, một cách quan tâm đặc biệt tới sức khỏe của mình.\r\n\r\nBuổi sáng, xe và HDV sẽ đón khách tại điểm hẹn, khởi hành đến với khu du lịch suối nước khoáng Núi Thần Tài. Đây là một tuyệt tác thiên nhiên được ban tạo nằm ngay tại khu bảo tồn thiên nhiên Bà Nà Núi Chúa, xã Hòa Phú, huyện Hòa Vang, thành phố Đà Nẵng. Khởi nguồn từ đỉnh thiêng Bà Nà và được bao bọc bởi hai bên núi Thanh Long, núi Bạch Hổ, suối khoáng nóng Thần Tài phát lộ tại long huyệt thôn Phú Túc. Giữa thành phố biển đầy nắng và gió nhưng nơi đây lại mang một khí hậu đặc trưng với 4 mùa trong ngày.\r\n\r\nĐến công viên suối nước nóng Thần Tài du khách sẽ nhận vé tham quan và sắp xếp kí gửi tư trang hành lý để bắt đầu cuộc hành trình khám phá tại Suối nước Nóng Thần Tài.\r\n\r\nĐầu tiên, đoàn sẽ di chuyển bằng xe điện để đến với khu vực “Bọng Rồng” với hồ bơi lớn trung tâm cùng nhiều hoạt động vui chơi dưới nước hấp dẫn dành cho trẻ em và cả người lớn. Tại đây, du khách sẽ được thỏa thích tận hưởng cảm giác bơi lội mát mẻ giữa dòng nước mát lành và thiên nhiên xanh ngắt. Du khách cũng có cơ hội lần lượt trải nghiệm “Dòng sông Lười” quanh co huyền bí, khám phá lòng hang động Long Tiên với phao bơi, hay chọn thư giãn với hệ thống ghế massage Ficus, tắm Sauna Thổ, Sauna Nga… có sẵn.\r\n\r\nSau một chuỗi hoạt động khám phá và thả trôi những suy nghĩ nhẹ nhàng giữa làn nước mát, buổi trưa đoàn vào dùng bữa tại nhà hàng và nghỉ ngơi tự do khám phá xung quanh.\r\n\r\nBuổi chiều, du khách sẽ lên xe điện tiếp tục hành trình khám phá thiên nhiên Núi Thần Tài với: Hồ khoáng nóng tự nhiên, khu vườn hoa quả nhiệt đới, ngâm mình dưới dòng nước khoáng nóng tận hưởng cảm giác thư giãn và thưởng thức món trứng gà vừa được tận tay luộc chín trong lòng mỏ khoáng. \r\n\r\nViệc tắm khoáng nóng không chỉ giúp bạn có những giây phút yên bình, một nốt lặng nhàn tản mà còn giúp bạn tái tạo năng lượng từ những khoáng chất trong dòng nước. Bạn sẽ cảm nhận một làn da tươi trẻ và khỏe mạnh vô cùng. Đây cũng là một trong những liệu pháp làm đẹp tự nhiên tuyệt vời, an toàn và phù hợp với mọi làn da nhạy cảm nhất. Chính vì vậy, tắm suối khoáng nóng luôn là tour du lịch được các du khách nữ thường xuyên lựa chọn. Ngoài ra, du khách cũng có thể lựa chọn cho mình những không gian riêng, thử cảm giác với các dịch vụ tắm nghệ thuật và trị liệu như: Tắm trà, tắm sữa, tắm bùn, tắm cà phê, tắm rượu, hay tắm onsen…  (chi phí tự túc).\r\n\r\nSau một ngày tận hưởng cảm giác bình yên và thú vị giữa mây trời non nước chốn tiên cảnh, kết hợp tắm khoáng để bổ sung dưỡng chất tự nhiên cho cơ thể, đoàn kết thúc một ngày trải nghiệm đầy giá trị. Hướng dẫn viên và tài xế đưa khách quay trở lại khách sạn và chào tạm biệt. Hẹn gặp lại trong những chương trình sắp tới.', 680000, 1),
(2, 'Tour du lịch Bà Nà Hills 1 ngày', 'Sau sự khám phá và khai thác của người Pháp tại thành phố sương mù Đà Lạt, núi Bà Nà (hay còn gọi là Bà Nà Hills) là nơi thứ hai được người Pháp khai thác thành điểm nghỉ dưỡng hàng đầu. Tiếc rằng, không toàn vẹn như thành phố sương mù Đà Lạt, khu nghĩ dưỡng Bà Nà bị vùi lấp trong kháng chiến. Tuy nhiên, với những di, phế tích còn sót lại, thêm vào đó là cảnh đẹp của mây trời và non nước, Đà Nẵng đã đưa Bà Nà Hills từ một nơi hoang sơ thành một điểm đến vui chơi, nghỉ dưỡng hàng đầu miền Trung.', '“Tour du lịch Bà Nà Hills - khám phá đường lên tiên cảnh” sẽ mang đến cho du khách một ngày trải nghiệm tuyệt vời: từ tham quan, khám phá cho đến vui chơi giải trí. Tất cả hứa hẹn sẽ là một hành trình du ngoạn thật thú vị tại một trong ba ngọn núi đẹp nhất thành phố Đà Nẵng.\r\n\r\nBắt đầu chuyến hành trình du ngoạn tại Bà Nà Hills 1 ngày, xe và hướng dẫn của công ty sẽ đón du khách tại điểm hẹn trung tâm thành phố, sau đó xuất phát đi núi Bà Nà. Đoàn sẽ khởi hành đi Bà Nà Hills theo tuyến đường du lịch Nguyễn Tất Thành - tuyến đường biển đẹp nhất Miền Trung. Trên tuyến đường này, du khách sẽ được ngắm cầu treo Thuận Phước nổi tiếng (cầu treo dài nhất Việt Nam). Bên cạnh đó có bãi biển Thanh Bình và bãi biển Red Beach (nơi thực dân Pháp đổ bộ lần đầu tiên lên Đà Nẵng). \r\n\r\nSau khoảng thời gian di chuyển, đoàn đến ga cáp treo Bà Nà - Suối Mơ, bắt đầu hành trình lên núi bằng hệ thống cáp treo đạt 4 kỷ lục Thế Giới. Trên độ cao chênh vênh của Núi Bà Nà, du khách sẽ bị mê  hoặc khi ngắm dòng suối Mơ với những ngọn thác tung bọt trắng xóa. Từ trên nhìn xuống, dòng suối Mơ và những vách núi đẹp như một bức thủy mặc của núi rừng thiên nhiên. Ngay cạnh đó là những vạt rừng nguyên sinh và những tán cây lá đỏ đua chen nhau tuyệt đẹp. \r\n\r\nXuống cáp treo, đoàn tiếp tục di chuyển đi tham quan khu Le Jardin với các di tích cũ như: Vườn Tịnh Tâm, khu buộc ngựa của Pháp, cây bưởi gần 100 tuổi, vết tích các khu biệt thự cổ... Đây là những gì còn sót lại về dấu ấn của người Pháp trong những ngày đầu khai phá khu nghỉ dưỡng Bà Nà.\r\n\r\nRời khu di tích Le Jardin, đoàn sẽ đến viếng Chùa Linh Ứng, một ngôi chùa đựơc xây dựng và hoàn thành vào năm 2004 trên đỉnh núi Bà Nà. Đây là ngôi chùa được xây dựng theo lối kiến trúc truyền thống chạm nổi trên đá với những đôi rồng phượng uyển chuyển bắt mắt. Đặc biệt, chùa là nơi ngư trị của tượng Phật Thích Ca cao 27m bên Vườn Lộc Uyển xinh đẹp và Quan Âm Các. \r\n\r\nTiếp tục hành trình đoàn sẽ đến Gare Debay, đi tuyến cáp thứ 2 lên đỉnh Bà Nà. Đoàn vào tham quan khu vui chơi giải trí trong nhà lớn thứ 3 Thế giới FANTASY PARK. Tại đây, du khách sẽ có cơ hội thỏa thích hòa mình vào những trò chơi như: vòng quay tình yêu, phi công SKIVER, công viên khủng long, đường đua lửa, xe điện đụng, cối xay gió, ngôi nhà ma, người nhện, bảo tàng tượng sáp, tháp rơi xoay tự do, mmáng trượt cỏ… (chi phí trò chơi tự túc). \r\n\r\nRời Gare Debay, đoàn di chuyển đến nhà hàng ăn trưa buffet tại Bà Nà. Tại đây, du khách cũng tranh thủ  nghỉ ngơi, chụp ảnh và ngoạn cảnh núi rừng, khung cảnh làng Pháp, Quảng Trường... Sau cùng hướng dẫn viên đưa du khách bách bộ khám phá sinh thái tự nhiên Bà Nà. Từ đây, mọi người có thể ngắm toàn cảnh thành phố Đà Nẵng và vịnh Đà Nẵng lúc ẩn, lúc hiện dưới một biển mây trắng. \r\n\r\nKết thúc chuyến hành trình tham quan thú vị tại Bà Nà, du khách đón chuyến cáp xuống núi và về lại Đà Nẵng. Xe sẽ đưa đoàn về điểm đón ban đầu, kết thúc chương trình. Hướng dẫn viên chào tạm biệt và hẹn gặp lại du khách trong những hành trình mới.', 770000, 1),
(3, 'Tour du lịch bán đảo Sơn Trà - bảo tàng Đà Nẵng 1 ngày', 'Nằm cách trung tâm thành phố Đà Nẵng 10km về hướng Đông Bắc, bán đảo Sơn Trà là một trong những điểm đến đặc biệt hấp dẫn của Đà thành. Tọa lạc tại một trong những “thành phố đáng sống nhất thế giới” bên những cánh rừng nguyên sinh hướng biển, bao trùm một không gian chùa Linh Ứng rộng lớn, bán đảo Sơn Trà cũng lưu giữ lại những công trình kiến trúc Pháp đầu tiên rất giá trị. Hiện nay, bán đảo Sơn Trà luôn là một trong những điểm tham quan không thể thiếu trong hành trình du hí thành phố Đà Nẵng.', 'Tour du lịch bán đảo Sơn Trà - bảo tàng Đà Nẵng 1 ngày của chúng tôi sẽ dẫn dắt du khách đi qua một loạt những địa điểm thú vị, những trải nghiệm đầy ấn tượng giữa thành phố đáng sống: ghé thăm bán đảo Sơn Trà, tham quan chùa Linh Ứng, chiêm ngưỡng những cây cầu độc đáo, dạo quanh bảo tàng Đà Nẵng... \r\n\r\nBắt đầu chuyến hành trình tham quan bán đào Sơn Trà - bảo tàng Đà Nẵng, xe và hướng dẫn viên của chúng tôi sẽ đón du khách tại khách sạn hoặc trung tâm TP. Đà Nẵng lúc 14h00 và khởi hành đi bán Đảo Sơn Trà (Monkey Moutain), một đảo nổi cách trung tâm thành phố Đà Nẵng 10 km về hướng Đông Bắc. Đảo được ví như bức bình phong che chắn bão gió cho Thành phố Đà Nẵng. Hiện diện trên đảo là chùa Linh Ứng, một ngôi chùa mang lối kiến trúc trạm khắc độc đáo từ tam quan cho đến chính điện. Tại chùa, du khách sẽ được chiêm ngưỡng Tượng Phật Quan Thế Âm Bồ Tát cao nhất Việt Nam 67m.\r\n\r\nRời Sơn Trà, xe và hướng dẫn sẽ đưa đoàn dạo quanh, ngắm nhìn và nghe hướng dẫn thuyết minh về những cây cầu nổi tiếng tại Đà Nẵng với những kiến trúc hiện đại của thành phố du lịch:\r\n\r\nCầu treo dây võng Thuận Phước - cây cầu dây võng dài nhất ở Việt Nam. Cầu treo dây văng Thuận Phước được xây dựng từ năm 2003 và bắt đầu đi vào hoạt động vào tháng 7/2009. Cầu dài 1.856 m, rộng 18 m và cao 92 m. Cầu nằm ở phía Đông thành phố, bắc qua hai bờ sông Hàn, nối đường Nguyễn Tất Thành với cầu Mân Quang, giữa 2 quận Hải Châu và Sơn Trà.\r\n\r\nCầu Quay sông Hàn: Đây là công trình tuyệt đẹp đã trở thành hình ảnh đại diện của Đà Nẵng. Cầu là sự sáng tạo rất ấn tượng của người Việt Nam. Toàn bộ khâu thiết kế cho đến thi công cầu đều do người Việt đảm nhận, cũng là cây cầu quay duy nhất tại Việt Nam. Với kiến trúc độc đáo và tính năng quay tách đôi và quay 90 độ ấn tượng, cầu được thiết kế để mở đường cho tàu qua lại. Vào ban đêm, với ánh đèn rực rỡ, cây cầu trở nên lung linh  \r\n\r\nCầu Rồng - thể hiện nguyên hình một con rồng vươn mình ra biển. Cầu được khánh thành vào năm 2013, nối dài giữa đường Nguyễn Văn Linh (từ sân bay) qua đường Võ Văn Kiệt (ra biển). Tổng chiều dài 666 m, gồm 5 nhịp chính và 3 nhịp dẫn, phần nhịp đuôi rồng dài 64,15 m, nhịp đầu rồng dài 72 m.\r\n\r\nCầu Trần Thị Lý: với kiến trúc độc đáo, mang hình dáng cánh buồm vươn ra khơi. Cầu Trần Thị Lý vốn là cầu đường sắt, thời Pháp thuộc cầu được gọi là De Lattre de Tassigny, sau đó đổi tên thành cầu Trịnh Minh Thế. Cầu được đổi tên thành cầu Trần Thị Lý sau năm 1975 và đã được nâng cấp thành cầu đường bộ\r\n\r\nSau khi tham quan một vòng những cây cầu tại thành phố Đà Nẵng, đoàn di chuyển đến với Bảo Tàng Đà Nẵng - nơi trưng bày các kỷ vật phản ánh đời sống văn hóa, lịch sử và con người Xứ Quảng. Từ những di vật thời kỳ phong kiến cho đến những vật dụng được tìm thấy trong thời kỳ Pháp thuộc. Bên cạnh việc tham quan tại bảo tàng Đà Nẵng, du khách sẽ đếm trung tâm hành chính Đà Nẵng để quan sát và nhìn thấy một Đà Nẵng trong từng chặng đường phát triển. Lúc này du khách có thể tranh thủ chụp hình lưu niệm tại Trung tâm hành chính - biểu tượng vươn lên mạnh mẽ của thành phố Đà Nẵng.\r\n\r\nTrước khi kết thúc chuyến hành trình một ngày, xe sẽ chở đoàn ghé tham quan và mua sắm tại siêu thị đặc sản Miền Trung. Tại đây, du khách sẽ có nhiều sự lựa chọn trong những món quá ý nghĩa để làm quà cho bạn bè và người thân sau chuyến du lịch tại Đà Nẵng. ở đây có đặc sản Huế, đặc sản Đà Nẵng, đặc sản Hội An cùng một số loại như mực một nắng, mực rim, cá rim, rong biển Mỹ Khê, bánh kho mè, nem tré…\r\n\r\nRời siêu thị đặc sản, đoàn ăn tối tại nhà hàng với những món ẩm thực nổi tiếng Đà Nẵng như: Bánh tráng thịt heo 2 đầu da, Mỳ Quảng… Sau bữa ăn, xe và hướng dẫn viên đưa du khách về lại điểm đón trung tâm thành phố Đà Nẵng, kết thúc một ngày tham quan báo Đảo sơn Trà - bảo tàng Đà Nẵng thú vị. Hướng dẫn viên chào tạm biệt du khách, hẹn gặp lại trong những chương trình tới. ', 530000, 1),
(4, 'Tour du lịch Đà Nẵng - Huế 1 ngày', 'Đà Nẵng và Huế là 2 thành phố đang giữ vị trí trọng điểm nhất tại khu vực miền Trung. Là trung tâm về nhiều mặt của khu vực như văn hoá, chính trị, y tế, giáo dục, du lịch, khoa học... Đây cũng là 2 mảnh đất đang lưu giữ nhiều di sản văn hóa, tôn giáo và thiên nhiên vô cùng giá trị của dân tộc, đã được UNESCO công nhận là di sản văn hóa thế giới.', 'Tour du lịch Đà Nẵng - Huế 1 ngày của chúng tôi sẽ dẫn dắt du khách dạo quanh một vòng những di tích lịch sử và danh lam thắng cảnh nổi tiếng nhất của miền Trung: đèo Hải Vân nổi tiếng, bãi biển Lăng Cô tuyệt đẹp, đầm Phá Tam Giang hoang sơ, lăng Khải Định độc đáo, Đại Nội Huế oai nghiêm, Chùa Thiên Mụ cổ kính... Với những điểm đến tuyệt vời đó, chắc chắn đây sẽ là một chuyến đi vô cùng thú vị!\r\n\r\nBắt đầu chuyến hành trình tham quan du lịch tại thành phố Đà Nẵng xinh đẹp, xe và hướng dẫn viên của công ty sẽ đón du khách tại điểm hẹn và khởi hành đi Huế. Trên đường đi đoàn sẽ đi qua hầm Hải Vân, hầm đường bộ được xem là dài nhất Đông Nam Á. Hầm khánh thành năm 2005, có chiều dài 6,28 km nối tỉnh Thừa Thiên Huế với TP. Đà Nẵng.\r\n\r\nTiếp đến, du khách sẽ được tham quan chiêm ngưỡng bãi biển Lăng Cô, một danh lam thắng cảnh thiên nhiên tuyệt đẹp của tỉnh Thừa Thiên - Huế. Đây là bãi cát trắng dài tới hơn 10 km, làn nước biển trong xanh bao la tuyệt đẹp. Cùng với cụm Hải Vân - Non Nước, nơi đây đã được đưa vào danh sách các khu du lịch quốc gia Việt Nam. Từ lâu, biển Lăng Cô luôn nổi tiếng là một bãi biển hoang sơ với các điều kiện tự nhiên và phong cảnh vào loại đẹp nhất Việt Nam và thế giới. \r\n\r\nRời biển Lăng Cô xinh đẹp, đoàn di chuyển đến Phá Tam Giang, một vùng đầm phá nước lợ lớn nhất Đông Nam Á. Đầm mang trong mình vẻ đẹp hoang sơ, vắng lặng khiến bất kỳ ai đến đây cũng đều thán phục, trầm trồ khen ngợi.\r\n\r\nTiếp tục, đoàn di chuyển đến Huế, khởi hành đi tham quan Lăng Khải Định (Ứng Lăng). Đây là một công trình mang nhiều trường phái kiến trúc khác nhau, kết hợp Đông - Tây, Âu - Á, tân thời - truyền thống và có nhiều sự sáng tạo khác biệt không theo trường phái nào. Các nguyên vật liệu như sắt, thép, xi măng, ngói Ardoise... được mua về từ Pháp,  các đồ sứ, thủy tinh màu được chuyển về từ tận Nhật Bản, Tung Hoa. Tổng thể Lăng Khải Định là một công trình kiến trúc nghệ thuật tuyệt vời, tuy vậy, cho đến nay, vẫn có rất nhiều ý kiến trái chiều xung quanh kiểu kiến trúc của Ứng Lăng.\r\n\r\nSau khoảng thời gian tham quan lăng Khải Định, đoàn di chuyển đi dùng cơm trưa.\r\n\r\nBuổi chiều tiếp tục chuyến hành trình, đoàn đi tham quan Đại Nội Huế. Đây là một di tích trong quần thể di tích Cố đô Huế, khu di tích lịch sử thuộc triều đại phong kiến cuối cùng ở Việt Nam. Tại đây, du khách sẽ được tham quan, chiêm ngưỡng Hoàng Cung của 13 vị vua triều Nguyễn - triều đại phong kiến cuối cùng của Việt Nam: Ngọ Môn, Điện Thái Hòa, Tử Cấm Thành, Thế Miếu, Hiển Lâm Các, Cửu Đỉnh. \r\n\r\nRời Đại Nội, đoàn tiếp tục tham quan Chùa Thiên Mụ (Chùa Linh Mụ) - biểu tượng của mảnh đất Cố đô. Một ngôi chùa mang trong mình phong cách kiến trúc tôn giáo cổ và đẹp nhất ở thành phố Huế. Tại đây, du khách sẽ ngỡ ngàng trước những hoa văn điêu khắc, chạm nổi bắt mất của kiến trúc truyền thống dân tộc. Đặc biệt gắn với nó là tháp Phước Duyên 7 tầng cao 21m, nằm trên đỉnh đồi Hà Khê, bên dòng sông Hương yên bình.\r\n\r\nKhoảng thời gian cuối cùng tham quan tại chùa Thiên Mụ là lúc khép lại hành trình 1 ngày trong tour du lịch Đà Nẵng, Huế 1 ngày. Xe sẽ du khách đi mua sắm tại Cửa hàng đặc sản Huế với các món đặc sản về làm quà như: mè xửng, tôm chua, Minh Mạng thang, tim sen,...\r\n\r\nĐến chiều, xe đưa quý khách về lại điểm đón ban đầu tại Đà Nẵng. Tại đây, hướng dẫn viên chia tay đoàn và hẹn gặp lại du khách trong những chương trình mới.', 780000, 1),
(5, 'Tour miền Trung 5N4Đ: Đà Nẵng - Hội An - Huế - Quảng Bình', 'Miền Trung nắng gió, khúc ruột miền Trung, miền Trung bão lũ...  những cụm từ ta vẫn thường nghe khi nhắc đến mảnh đất vắt ngang nối liền 2 dải sông núi Bắc - Nam đất nước. Nhưng bên cạnh một miền Trung bão lũ, lắm gió mưa, vẫn còn một miền Trung thiên đường di sản! Nơi đây hiện vẫn đang lưu giữ cả một kho báu di sản của dân tộc.', '“Hành trình di sản miền Trung” là một hành trình mà tại đó, quý khách sẽ đi khắp dọc miền Trung và trải nghiệm thực tế với một loạt các di sản thiên nhiên, di sản văn hóa và lịch sử quý giá tại vùng đất vốn được coi là đầy nắng gió. Một hành trình nhiều kỉ niệm thú vị và là một kì học thực tế tuyệt vời!\r\nNGÀY 1: ĐÀ NẴNG\r\n\r\nNgày đầu tiên của hành trình,  trước buổi trưa, xe và hướng dẫn viên sẽ đón quý khách tại điểm hẹn. Đoàn sẽ thưởng thức buổi trưa là món đặc sản nổi tiếng: “Bánh tráng thịt heo 2 đầu da & Mỳ Quảng”. Sau khi ăn trưa, đoàn sẽ về nhận phòng khách sạn và nghỉ ngơi.\r\n\r\nBuổi chiều, xe và hướng dẫn viên đưa Quý khách khởi hành đến một số điểm tham quan đầu tiên của chương trình.\r\n\r\nBán Đảo Sơn Trà (Monkey Mountain):  Nằm cách Đà Nẵng 10km, sơn Trà là bán đảo độc nhất vô nhị của Việt Nam - một hệ sinh thái rừng tự nhiên gắn liền biển. Tại đây, quý khách sẽ được quay một vòng quanh Bán Đảo để thưởng ngoạn toàn cảnh phố biển Đà Nẵng trên cao, viếng Linh Ứng Tự. Đây là ngôi chùa to nhất, mới nhất, đẹp nhất trong 3 ngôi chùa Linh Ứng của Đà Nẵng. Cũng là chùa có tượng Phật Bà 65m cao nhất Việt Nam.\r\n\r\nCuối ngày, quý khách sẽ có cơ hội chiêm ngưỡng và tắm biển Mỹ Khê Đà Nẵng. Tắm biển xong, quý khách về dùng cơm tối tại nhà hàng. Tự do tham quan Đà Nẵng. Nghỉ đêm tại Đà Nẵng.\r\nNGÀY 2: ĐÀ NẴNG - BÀ NÀ - HỘI AN\r\n\r\nBắt đầu cho hành trình của ngày thứ 2, quý khách dùng điểm tâm sáng và sau đó khởi hành đi tham quan.\r\n\r\nKhu du lịch Bà Nà – Núi Chúa: thuộc địa phận huyện Hòa Vang, thành phố Đà Nẵng, cách trung tâm thành phố khoảng 30km về phía tây. Nằm ở độ cao 1.487m so với mặt biển, khí hậu quanh năm mát mẻ, nhiệt độ trung bình vào mùa hè khoảng 18ºC, Bà Nà - Núi Chúa là khu du lịch sinh thái - nghỉ dưỡng lý tưởng ở miền Trung. Đến đây bạn sẽ được chiêm ngưỡng cáp treo đạt 4 kỷ lục thế giới và tận hưởng cảm giác bồng bềnh trên mây khói khi đi trên Cáp treo.\r\n\r\nĐến đây, du khách còn trải nghiệm và tận hưởng: Khí hậu giao chuyển từ mùa Hạ sang mùa Đông khi đi trên cáp. Đặc biệt khí hậu cũng chuyển đổi thành 4 mùa trong ngày.\r\nKhông những vậy, đoàn còn được ghé thăm Thác Tóc Tiên - một ngọn thác tuyệt đẹp gắn liền với truyền thuyết huyền bí. \r\n\r\nGhé thăm Núi Chúa: Tại đây quý khách sẽ được giải thích nguồn gốc của tên gọi Bà Nà - Từ một truyền thuyết cho rằng tên núi là tên viết tắt của Bà Ponagar hay bà Thiên Y Thánh Mẫu A Na. (Một vài ý kiến cho rằng tên gọi Bà Nà xuất phát từ tiếng Katu có nghĩa là “núi của tui”).\r\n\r\nNếu đến đây vào dịp mùa xuân, quý khách còn có cơ hội ngắm Hoa Đào chuông khoe sắc - một loài hoa đặc biệt chỉ sinh trưởng ở Bà Nà - tại vùng rừng nguyên sinh cách mực nước biển 1400m. Chính vì sự rực rỡ và hiếm có ở nơi nào khác,lòai hoa đòa chuông đã trở thành biểu tượng của Bà Nà.\r\n\r\nĐoàn dùng ăn trưa nhà hàng. Sau đó, Quý khách khởi hành đi tham quan:\r\n\r\nKhu di tích – danh thắng Ngũ Hành Sơn: Ngũ Hành Sơn là tên chung của một danh thắng gồm 5 ngọn núi đá vôi tuyệt đẹp nhô lên trên một bãi cát ven biển (Kim Sơn, Mộc Sơn, Thủy Sơn, Hỏa Sơn, Thổ Sơn). Tại đây quý khách sẽ được viếng những ngôi chùa thiêng, sau đó sẽ di chuyển đi tham quan Làng Nghề Điêu Khắc Đá Non Nước ngay dưới chân núi. Đây là một làng nghề lâu đời có từ thế kỉ 17, 18.\r\n\r\nRời làng nghề Điêu Khắc Đá, xe và hướng dẫn viên đưa quý khách khởi hành đi Hội An tham quan và chụp ảnh.\r\n\r\nChùa cầu Nhật Bản: nằm trong khu phố cổ Hội An, đây là công trình do các thương gia Nhật Bản đến buôn bán tại Hội An xây dựng vào khoảng giữa thế kỉ 16. \r\n\r\nBảo tàng văn hóa Sa Huỳnh: Đây là nơi lưu giữ và trưng bày các hiện vật, sưu tập hiện vật vô giá của văn hóa Sa Huỳnh và Champa Duy Xuyên, nhằm tạo điều kiện để nhân dân địa phương, khách tham quan du lịch trong và ngoài nước hiểu biết thêm về các giá trị văn hóa truyền thống của địa phương.\r\n\r\nNhà cổ Phùng Hưng: một trong những ngôi nhà nổi tiếng  nhất trong kiến trúc cổ và được xem là di sản văn hóa của Hội An, có kết cấu độc đáo với phần gác cao bằng gỗ và các hành lang rộng bao quanh, thể hiện sự phát triển về kiến trúc và sự giao lưu giữa các phong cách kiến trúc Á Đông tại Hội An trong các thế kỷ trước đây.\r\n\r\nHội quán Phước Kiến: được xây dựng vào năm 1697. Nơi đây dùng để thờ Thiên Hậu Thánh Mẫu và các vị thần bảo hộ về sông nước, tiền của, con cái. Rời Hội quán, quý khách đi ăn tối tại nhà hàng. Xe đưa quý khách về lại Đà Nẵng. Nghỉ đêm tại Đà Nẵng.\r\nNGÀY 3: ĐÀ NẴNG - HUẾ - ĐẠI NỘI - CHÙA THIÊN MỤ\r\n\r\nBuổi sáng, quý khách dùng điểm tâm và lên xe rời Đà Nẵng xuyên hầm đường bộ đèo Hải Vân đến đi Cố Đô Huế. Tại đây đoàn check - in khách sạn và nghỉ ngơi.\r\n\r\nBuổi trưa, đoàn ăn trưa nhà hàng tại Huế. Buổi chiều, đoàn xuất phát đi tham quan Đại Nội và Chùa Thiên Mụ.\r\n\r\nĐại Nội: là Hoàng Cung của 13 vị vua triều Nguyễn - triều đại phong kiến cuối cùng của Việt Nam. Đại Nội bao gồm các công trình như: Ngọ Môn, Điện Thái Hoà, Tử Cấm Thành, Thế Miếu, Hiển Lâm Các, Cửu Đỉnh. Ghé thăm nơi đây, quý khách sẽ được chiêm ngưỡng những công trình kiến trúc tuyệt đỉnh với sự đầu tư công sức lớn lao và sự tỉ mỉ đến từng chi tiết của các nghệ nhân. Những công trình này cũng biểu thị sự cầu kì, hoành tráng trong góc nhìn và yêu cầu thẩm mĩ thời đại Nhà Nguyễn. \r\n\r\nChùa Thiên Mụ (Chùa Linh Mụ): nằm bên tháp Phước Duyên cổ kính, soi bóng xuống dòng sông hương lững lờ trôi. Chùa được dựng từ những năm đầu của thế kỉ XVII, là một trong những biểu tượng của kinh thành Huế.\r\n\r\nBuổi tối, đoàn ăn tối nhà hàng. Quý khách tự do dạo chơi Huế về đêm hoặc thưởng ngoạn Ca Huế sông Hương (Chi phí tự túc 100.000đ/khách). Ngủ KS tại Huế.\r\nNGÀY 4: HUẾ - ĐỘNG THIÊN ĐƯỜNG - HUẾ \r\n\r\nBuổi sáng, quý khách dùng điểm tâm. Khởi hành đi Quảng Bình, ghé thăm Thánh Địa La Vang.\r\n\r\nBuổi trưa, đoàn di chuyển đến Động Thiên Đường và ăn trưa trong nhà hàng tại đây. \r\n\r\nBuổi chiều, đoàn tiếp tục tham quan Động Thiên Đường, khám phá vẻ đẹp huyền bí của động khô dài nhất Châu Á - “hoàng cung trong lòng đất”. Đây là kỳ quan thiên nhiên của thế giới với những tuyệt mỹ, tráng lệ và huyền ảo bậc nhất thế giới. Quý khách sẽ có cơ hội trải nghiệm từng cung bậc của chốn bồng lai tiên cảnh, thiên đình.  Tạm biệt động Thiên Đường, đoàn khởi hành về lại Huế. Buổi tối, đoàn ăn tối nhà hàng tại Huế và tự do khám phá về đêm. Nghỉ ngơi tại khách sạn.\r\nNGÀY 5: ĐẠI NỘI - LĂNG KHẢI ĐỊNH \r\n\r\nBuổi sáng ngày cuối cùng, quý khách dùng điểm tâm và khởi hành đi thăm quan các địa điểm ổi tiếng còn lại trong chơntại Huế.\r\n\r\nLăng Khải Định: Với phòng cách kiến trúc tuyệt vời kết hợp giữa hai trường phái văn hóa Đông - Tây .\r\n\r\nChùa Từ Hiếu: Ngôi chùa độc nhất vô nhị với sự tích báo hiếu mẹ gây xúc động lòng người.\r\n\r\nBuổi trưa, đoàn rời chùa Từ Hiếu và di chuyển về nhà hàng để ăn trưa.\r\n\r\nTiễn khách Ga / Sân bay Huế thời gian từ 14h00 đến 21h00. \r\n\r\nKhởi hành về Đà Nẵng mua sắm Đặc Sản Miền Trung. Hướng dẫn viên tiễn quý khách ra sân bay (thời gian từ 17h00 đến 24h00).  Kết thúc tour tham quan miền Trung Di sản 5 ngày 4 đêm tuyệt vời.', 3700000, 1),
(6, 'Tour miền Trung 4N3Đ: Đà Nẵng - Sơn Trà - Bà Nà - Hội An - Huế', 'Từ xưa tới nay, miền Trung vẫn nổi tiếng là mảnh đất nắng gió đầy khắc nghiệt với gió lào bỏng rát, lũ nguồn, bão biển.  Nhắc đến Miền Trung là nhắc đến những thiên tai bão bùng tang thương hay những mảnh đất cằn cỗi. Nhưng đó chỉ là một vẻ mặt của miền Trung. Vẻ mặt còn lại, miền Trung khiến chúng ta phải giật mình kinh ngạc: nơi đây còn là một thiên đường của những di sản văn hóa đất kinh kì. Đến đây, quý khách sẽ ngạc nhiên bởi những giá trị văn hóa của nhân loại mà mảnh đất này đang chứa đựng, gìn giữ.', 'Tour miền Trung Đà Nẵng - Sơn Trà - Bà Nà - Hội An - Huế 4 ngày 3 đêm sẽ dẫn dắt quý khách tham quan một loạt các di sản giá trị trên mảnh đất miền Trung đầy nắng gió, trải dài từ Đà Nẵng đến Hội An và Huế! Với hành trình này, quý khách sẽ được mở mang tầm mắt về một đất nước Việt Nam giàu di sản văn hóa, đáng tự hào. Đây cũng là hành trình sẽ mang cho quý khách nhiều trải nghiệm, làm giàu vốn hiểu biết của bản thân và là một kì nghỉ qúy báu để “sục” lại năng lượng trong cuộc sống của mình.\r\nNGÀY 1: ĐÓN KHÁCH – ĐÀ NẴNG – SƠN TRÀ \r\n\r\nNgày thứ nhất, xe và hướng dẫn viên sẽ đón quý khách tại điểm hẹn trước buổi trưa. Đoàn xuất phát đi ăn trưa với đặc sản nổi tiếng Đà Nẵng “Bánh tráng thịt heo 2 đầu da & Mỳ Quảng”. Sau đó, đoàn nhận phòng khách sạn nghỉ ngơi.\r\n\r\nBuổi chiều, xe và hướng dẫn viên đưa Quý khách khởi hành đi Bán Đảo Sơn Trà.\r\n\r\nBán Đảo Sơn Trà: Tại đây, đoàn sẽ quay một vòng quanh Bán Đảo để thưởng ngoạn toàn cảnh phố biển Đà Nẵng trên cao, viếng Linh Ứng Tự - nơi có tượng Phật Bà 65m cao nhất Việt Nam và tranh thủ tắm biển Mỹ Khê Đà Nẵng.\r\n\r\nBuổi tối, quý khách dùng cơm tối tại nhà hàng. Tự do tham quan Đà Nẵng về đêm với hàng loạt cây Cầu độc đáo và nổi tiếng hoặc ngắm nhìn Đà Nẵng từ trên cao khi tham quan Vòng Quay Mặt Trời (Chi phí tự túc).\r\n\r\nĐoàn nghỉ đêm tại khách sạn.\r\nNGÀY 2: ĐÀ NẴNG – BÀ NÀ -  ĐÔ THỊ CỔ HỘI AN \r\n\r\nSáng ngày thứ 2, đoàn dùng điểm tâm sáng và sau đó khởi hành đi tham quan một số điểm đến đầu tiên.\r\n\r\nKhu du lịch Bà Nà: Núi Chúa (chi phí tự túc, giá vé 650.000đ/khách), nơi mà quý khách khám phá những khoảnh khắc giao mùa bất ngờ Xuân - Hạ - Thu - Đông trong 1 ngày. Tại đây, quý khách có cơ hội ngồi cáp treo dài nhất thế giới. \r\n\r\nSau khi ăn trưa ở nhà hàng tại Đà Nẵng, đoàn tranh thủ khởi hành đi tham quan một số địa điểm.\r\n\r\nLàng Nghề Điêu Khắc Đá Non Nước: Được coi là làng nghề lâu đời nhất Đà Nẵng, ra đời khoảng từ giữa thế kỷ XVII đến đầu thế kỷ XVIII. Nằm dưới chân núi Ngũ Hành Sơn, làng nghề chuyên về điêu khắc sản phẩm mỹ nghệ đá.\r\n\r\nHội An: Đoàn sẽ bách bộ đi tham quan và mua sắm Phố Cổ. Trong chương trình, đoàn cũng ghé thăm chùa Cầu Nhật Bản, Bảo tàng văn hóa Sa Huỳnh, Nhà Cổ hàng trăm năm tuổi, Hội Quán Phước Kiến & Xưởng thủ công mỹ nghệ.\r\n\r\nBuổi tối, đoàn sẽ ăn tối tại nhà hàng và tranh thủ dạo chơi Phố Cổ Hội An. Sau đó, đoàn sẽ di chuyển về Đà Nẵng, nghỉ tại khách sạn.\r\nNGÀY 3: ĐÀ NẴNG - HUẾ - ĐẠI NỘI - CHÙA THIÊN MỤ\r\n\r\nBuổi sáng, đoàn dùng điểm tâm và rời Đà Nẵng đi Huế. Trên đường đi, xe đi xuyên hầm đường bộ đèo Hải Vân. Đến nơi, quý khách check - in khách sạn và nghỉ ngơi.\r\nĐoàn sẽ ăn trưa nhà hàng tại Huế và khởi hành đi tham quan.\r\n\r\nĐại Nội: Hướng dẫn viên sẽ đưa đoàn tham quan Đại Nội - Đây là Hoàng Cung của 13 vị vua triều Nguyễn thuộc triều đại phong kiến cuối cùng của Việt Nam. Đoàn sẽ lần lượt ghé thăm và chụp hình tại Ngọ Môn, Điện Thái Hoà, Tử Cấm Thành, Thế Miếu, Hiển Lâm Các, Cửu Đỉnh. Đây là các di tích thuộc cụm Quần thể di tích Cố đô Huế được UNESCO công nhận là Di sản Văn hoá Thế giới, có giá trị vô cùng to lớn thể hiện giá trị lịch sử và giá trị thời đại cũng như tài năng trong kĩ thuật xây dựng của các nghệ nhân.\r\n\r\nChùa Thiên Mụ: Rời Đại Nội, đoàn di chuyển đến chùa Thiên Mụ. Đây là một ngôi chùa cổ kính xây dựng từ những năm đầu của thế kỉ XVII. Chùa còn có tên là chùa Linh Mụ. Chùa nằm gắn liền với Tháp Phước Duyên, là ngôi tháp cao 21m gồm 7 tầng nằm ngả bóng bên dòng Hương Giang lững lờ trôi, như một biểu tượng hiền hòa của đất Huế.\r\n\r\nBuổi tối, đoàn về ăn tối  tại nhà hàng, tự do dạo chơi Huế về đêm hoặc thưởng ngoạn Ca Huế sông Hương (Chi phí tự túc 100.000đ/khách). Ngủ khách sạn tại Huế.\r\nNGÀY 4: LĂNG KHẢI ĐỊNH – TIỄN KHÁCH \r\n\r\nBuổi sáng ngày cuối cùng, quý khách dùng điểm tâm và khởi hành đi tham quan các địa điểm còn lại trong chương trình.\r\n\r\nLăng Khải Định (còn được gọi là Ứng Lăng): Là lăng mộ của vị vua thứ 12 triều Nguyễn - vua Khải Định. Lăng có phong cách kiến trúc tuyệt vời kết hợp giữa hai trường phái văn hóa Đông - Tây, được xây dựng rất cầu kì và được nghiên cứu kĩ lưỡng về phong thủy.\r\n\r\nChùa Từ Hiếu (còn gọi là tổ đình Từ Hiếu): ngôi chùa độc nhất vô nhị với sự tích báo hiếu mẹ của hòa thượng Nhất Định gây xúc động lòng người.  Hiện nay, đây là một trong những ngôi cổ tự lớn và là một danh lam đầy giá trị văn hoá và lịch sử của cố đô Huế.\r\n\r\nBuổi trưa, đoàn ăn trưa tại nhà hàng và nghỉ ngơi. \r\n\r\nBuổi chiều, xe và hướng dẫn viên tiễn khách sân bay Huế (khách tự túc ra sân bay). Đoàn khởi hành về Đà Nẵng mua sắm Đặc Sản Miền Trung. Tại đây hướng dẫn viên tiễn khách sân bay Đà Nẵng, kết thúc tour miền Trung 4N3Đ: Đà Nẵng - Sơn Trà - Bà Nà - Hội An - Huế.', 3000000, 1),
(8, 'Tour du lịch Nha Trang 4 ngày 3 đêm', 'Nằm trên một cung đường trải dài giữa miền duyên hải Nam Trung Bộ, thành phố biển Nha Trang nổi lên như một điểm sáng rực rỡ của biển Đông. Nơi đây tập trung vô số các bãi biển tuyệt đẹp với những dãi cát trắng dài, làn nước trong xanh màu ngọc bích cùng rất nhiều những hòn đảo hoang sơ đẹp mắt. Rất nhiều năm qua, Nha Trang vẫn luôn là điểm đến du lịch hấp dẫn nhất trong bất kì một mùa nghỉ ngơi nào.', 'Tour du lịch Nha Trang 4 ngày 3 đêm sẽ đưa du khách đến với viên ngọc xanh của biển Đông - nơi có những bãi cát trắng dài, những làn nước trong xanh và những hòn đảo tuyệt đẹp. Với 4 ngày 3 đêm cùng những điểm đến đặc biệt, chúng tôi tin chắc đây sẽ là một kì nghỉ dưỡng tuyệt vời nhất khi quý khách quyết định lấy thành phố biển làm điểm dừng chân.\r\nNGÀY 1. TP HỒ CHÍ MINH – NHA TRANG (VIÊN NGỌC XANH CỦA BIỂN ĐÔNG)\r\n\r\nBắt đầu chuyến hành trình 4 ngày 3 đêm tại thành phố biển Nha Trang. Xe và hướng dẫn sẽ đón quý khách tại điểm hẹn thành phố Hồ Chí Minh và xuất phát  đến Nha Trang - thành phố của biển xanh, cát trắng.\r\n\r\nTrên đường đi, quý khách sẽ dùng điểm tâm tại nhà hàng. Tiếp tục hành trình, đoàn đến Phan Thiết (tỉnh Bình Thuận).Đoàn sẽ di chuyển qua khu vực Mũi Né ngắm nhìn các thắng cảnh bãi đá Ông Địa, rặng dừa Hàm Tiến, bến thuyền Mũi Né… đặc biệt là đồi cát bay và khu du lịch Bàu Trắng.\r\n\r\nLướt qua huyện Tuy Phong, đoàn sẽ dừng lại tại nhà hàng tại biển Cà Ná thuộc tỉnh Ninh Thuận. Tại đây, du khách sẽ dùng cơm trưa ở nhà hàng nằm sát biển với những món hải sản tươi sống. Lúc này, du khách sẽ có một khoảng thời gian để ngắm cảnh, quay phim và chụp hình làm kỷ niệm. Biển Cà Ná là một bãi biển tuyệt đẹp, cong cong hình lưỡi liềm với những bãi cát trắng phau, làn nước xanh như ngọc bích và những phiến đá đen lan ra sát biển.\r\n\r\nTiếp tục trên cung đường quốc lộ 1A tại tỉnh Ninh Thuận. Khoảng thời gian 4h đồng hồ là lúc đoàn tiến đến vào Cam Ranh theo con đường mới ven biển Sông Lô - Hòn Rớ, qua đèo Cù Huân ngắm cảnh biển chiều trên vịnh Nha Trang. Đoàn làm thủ tục nhận phòng và dùng cơm tối tại nhà hàng Nha Trang. Thời gian về đêm là lúc du khách khám phá thành phố biển với bao hoạt động vui chơi - giải trí - ẩm thực.\r\nNGÀY 2. ĐẮM CHÌM TRONG VẺ ĐẸP CỦA VIÊN NGỌC XANH NHA TRANG\r\n\r\nNgày thứ hai trong chuyến hành trình tại thành phố biển xinh đẹp, du khách sẽ được thưởng thức những món đặc sản đậm chất vị của biển nơi thành phố năng động. Sau đó, xe sẽ đưa đoàn đi bãi biển White Sand - Dốc Lết. Đây là một trong những bãi biển đẹp nổi tiếng của Khánh Hòa với bãi cát trắng thoai thoải trãi dài cùng làn nước trong xanh và hàng dừa soi bóng. Tại bãi biển này, du khách hãy thoải mái hòa mình trong làn nước trong xanh dưới ánh nắng chang hòa. Đặc biệt, du khách đừng quên thưởng thức các món hải sản của ngư dân địa phương đánh bắt.\r\n\r\nRời biển White - Dốc Lết, buổi trưa đoàn di chuyển tham quan trung tâm Ngọc Trai Long Beach Pearl Nha Trang. Đây là một trong hai trung tâm Ngọc Trai lớn nhất khu vực miền trung do tập đoàn Long Beach Pearl đầu tư. Đến đây du khách sẽ được nghe giới thiệu về qui trình nuôi cấy - khai thác - chế tác ngọc trai. Bên cạnh đó là tham quan khu trưng bày với hơn 3.000 mẫu ngọc trai tinh tế - đẹp mắt và sang trọng. Đặc biệt, tại đây du khách có thể sở hữu cho mình những viên ngọc trai chất lượng và đảm bảo nhất.\r\n\r\nTiếp tục hành trình, đoàn di chuyển đến tham quan khu du lịch 5 sao Vinpearl Land (Hòn Ngọc Việt). Đây là khu vui chơi - giải trí - hiện đại nhất tại khu vực biển miền Trung. Trong khu du lịch 5 sao Vinpearl Land này, du khách sẽ được trải nghiệm: \r\n•    Đi cáp treo qua biển dài 3km. \r\n•    Chơi các trò chơi cảm giác mạnh. \r\n•    Xem phim 4D và nhiều game trong nhà hấp dẫn khác.\r\n•    Xem nhạc nước, thưởng ngoạn thủy cung đẹp và lớn nhất Việt Nam. \r\n•    Xem Carnival show. \r\n•    Tắm biển và tắm hồ bơi lớn nhất Đông Nam Á.\r\n* Lưu ý: chi phí tự túc\r\nKết thúc một ngày vui chơi, đoàn sẽ di chuyển về khách sạn dùng cơm tối. Khoảng thời gian về đêm là lúc du khách tự do khám phá thành phố biển Nha Trang về đêm.\r\nNGÀY 3. ĐI TÌM ĐIỀU BÍ ẨN TRONG KIẾN TRÚC THÁP BÀ PÔNƯGAR\r\n\r\nKhác hẳn với hành trình ngày thứ nhất và thứ hai trong hành trình. Ngày thứ ba đoàn sẽ di chuyển ra Đầm Nha Phu, đến bến tàu Đá Chồng để đến khu du lịch suối Hoa Lan (nằm trên đảo Hòn Hèo). Tại đây, du khách thỏa mình đùa giỡn giữa làn nước biển trong xanh của bãi tắm An Bình. Bên cạnh đó là tham gia các trò chơi thể thao trên biển (chi phí tự túc); hoặc tự do đi dạo khu vườn nuôi Đà Điểu châu Phi, Hươu, Nai, chim Công. Đặc biệt, du khách sẽ được tham quan một suối Hoa Lan đẹp như giải Ngân Hà. Xen lẫn bên đó là xem chương trình xiếc thú với nhiều tiết mục đặc sắc như: voi đá banh, gấu chạy xe máy...\r\n\r\nBuổi chiều đoàn di chuyển về lại thành phố Nha Trang tham quan tháp bà PôNưgar. Một công trình kiến trúc độc đáo nằm trên ngọn đối nhìn thẳng ra biển của người Chăm. Cũng như những ngôi đền tháp ở các tỉnh vùng biển duy hải Nam rung Bộ. Tháp Pônưgar mang lối kiên trúc cổ kính, huyền bì đến bây giờ vẫn chưa lý giải được. \r\n\r\nBên cạnh tham quan tháp bà Pônưgar, du khách đùng bỏ lỡ thỏa mình trong khu Trung Tâm Khoáng Bùn Trăm Trứng (chi phí tự trúc). Tại đây du khách có thể lựa chọn tận hưởng những giây phút thư giãn tuyệt vời khi ngâm mình trong những bồn trứng, hoặc vui đùa cùng bạn bè người thân trong những bồn tắm tập thể dành cho nhóm từ 6 - 10 người. Bạn cũng có thể hòa mình vào hồ bơi, thác nước và thư giãn với hồ thủy lực Jacuzzi.\r\n\r\nKết thúc ngày thứ 3 trong chuyến hành trình, Nha Trang sẽ tiếp đãi bạn một buổi chiều với món ẩm thực nổi tiếng nem Ninh Hòa. Sau đó, đoàn về khách sạn nghỉ ngơi và thưởng thức chương trình riêng của quý khách, nghỉ đêm tại Nha Trang.   \r\nNGÀY 4. NHA TRANG – TP. HỒ CHÍ MINH\r\n\r\nNgày thứ 4 thức dậy, du khách sẽ tranh thủ tận hưởng những gì còn lại tại thành phố biển. Xe sẽ đưa du khách đến chợ Đầm để đoàn tham quan và mua quà lưu niệm để về làm quà cho bạn bè và người thân. Sau đó, đoàn lên xe di chuyển về lại thành phố Hồ Chí Minh, kết thúc chuyến du lịch thành phố biển Nha Trang 4 ngày 3 đêm thật thú vị.  ', 2792000, 2),
(9, 'Tour du lịch Nha Trang - Đà Lạt 5 ngày 4 đêm', 'Tại Việt Nam, trong khi Nha Trang là thành phố biển năng động nhất để nghỉ dưỡng thì Đà Lạt là thành phố cao nguyên quyến rũ mê hoặc nhất để khám phá. Một ở miền duyên hải Nam Trung Bộ, một ở cao nguyên Lâm Viên của Tây Nguyên. Hai điểm đến khác nhau về mặt địa lý ấy cùng song kiếm hợp bích hứa hẹn sẽ tạo nên những trải nghiệm thật tuyệt vời trong hành trình tham quan khám phá.', 'Tour du lịch Nha Trang - Đà Lạt 5 ngày 4 đêm là một tour du lịch sẽ dẫn dắt du khách thực hiện một hành trình khám phá kì diệu vừa xuống biển, vừa lên rừng. Dạo chơi khám phá tất cả hầu như mọi cảnh đẹp đặc sắc tiêu biểu nhất của vùng biển Nam Trung Bộ và miền cao nguyên Lâm Viên tuyệt vời. 5 ngày 4 đêm cùng chúng tôi, một kì nghỉ cho bạn đáng giá và trọn vẹn!\r\nNGÀY 1: TP.HỒ CHÍ MINH – NHA TRANG\r\n\r\nBuổi sáng, xe và hướng dẫn viên đón khách tại điểm hẹn khởi hành đi Nha Trang, quý khách sẽ dùng điểm tâm sáng trên đường đi.\r\n\r\nĐoàn dừng chân tại bãi biển Cà Ná (Ninh Thuận) - một bãi biển thơ mộng hớp hồn du khách.  Nước biển ở đây trong xanh vô cùng, bên cạnh đó là những bãi cát trắng phautrải dài đan xen các khu vực núi đá và những tảng đá lan ra phía biển.\r\n\r\nBuổi chiều đoàn di chuyển đến Nha Trang (Khánh Hòa) và thưởng thức tiệc Buffet BBQ đặc biệt, sau đó về khách sạn, quý khách nhận phòng nghỉ ngơi.\r\n\r\nBuổi tối, quý khách tự do khám phá thành phố biển nổi tiếng.  Nghỉ đêm tại Nha Trang.\r\nNGÀY 2: NHA TRANG\r\n\r\nBuổi sáng, sau khi dùng điểm tâm, xe và hướng dẫn viên đưa đoàn đến bãi biển Dốc Lết.\r\n\r\nDốc Lết: Đây là một bãi biển trải dài với bãi cát trắng tuyệt đẹp. Phía trên bãi tắm có hàng dương cao, ngăn cách đất liền với biển. Tại đây quý khách sẽ được tắm biển và thưởng thức các món hải sản của ngư dân địa phương đánh bắt\r\n\r\nBuổi chiều, đoàn sẽ di chuyển đến Chợ Đầm Nha Trang. Đây là một ngôi chợ lí tưởng cho khách tham quan du lịch ghé thăm và mua các loại đặc sản, sản vật như: hải sản, đồ khô, quần áo, giày dép, đồ lưu niệm.\r\n\r\nTiếp đó, sẽ có 2 chương trình tự chọn để quý khách lựa chọn tham gia. Cụ thể như sau (chi phí tự túc):\r\n\r\nCHƯƠNG TRÌNH 1: Quý khách đi tham quan Trung tâm du lịch suối khoáng cao cấp I Resort, với dịch vụ \"Ôn tuyền thủy liệu pháp\", ngâm nước khoáng nóng, tắm bùn khoáng.\r\nCHƯƠNG TRÌNH 2: Đến với Khu du lịch 5 sao Vinpearl Land (Hòn Ngọc Việt): Quý khách sẽ đi cáp treo qua biển dài 3km, chơi các trò chơi cảm giác mạnh, xem nhạc nước, tắm biển và tắm hồ bơi lớn nhất Đông Nam Á.\r\nBuổi tối, quý khách sử dụng cáp treo hoặc đi phà trở về Nha Trang, tự túc phương tiện về khách sạn, hoặc đi dạo phố biển về đêm, nghỉ đêm tại Nha Trang.\r\nNGÀY 3: NHA TRANG – ĐÀ LẠT\r\n\r\nBuổi sáng, xe đưa đoàn đến đến bến tàu Đá Chồng và xuống tàu đi tham quan khu du lịch Hòn Lao - Đảo Khỉ.\r\n\r\nTại khu du lịch Hòn Lao - Đảo Khỉ, quý khách sẽ được tắm biển ở bãi tắm Đảo Khỉ, sau đó có thể tham gia các trò chơi thể thao vô cùng vui thú trên biển (chi phí tự túc); Ngoài ra quý khách có thể tự do đi tham quan quanh đảo.Lưu ý: du khách hãy tiếp xúc thân thiện, như vậy có thể cho khỉ ăn và chụp hình lưu niệm với đàn khỉ tự nhiên.\r\n\r\nĐảo Khỉ cũng được thiết kế riêng nhiều chương trình rất thú vị mà quý khách có thể thưởng thức: chương trình xiếc thú đặc sắc được biểu diễn bởi Khỉ, Chó, Dê. Đặc biệt có thể xem và đặt cược chương trình đua Chó nài Khỉ lần đầu tiên có mặt tại Việt Nam (tự túc phí đặt cược).\r\n\r\nMột số công trình nghệ thuật trên đảo cũng rất đáng chiêm ngưỡng, tham quan như: Vườn Mỹ Nhân Ngư, Tây Du Ký, vườn tượng 12 con Giáp, Hoa Quả Sơn... cùng các phối cảnh vườn hoa, muôn thú quanh đảo được sáng tác từ các loại phế liệu bỏ đi.\r\n\r\nBuổi chiều, đoàn rời Nha Trang xuất phát đi Đà Lạt. Trên đường vào Thành phố Đà Lạt, ngang qua khu vực Trại Mát, xe sẽ đưa quý khách vào tham quan Chùa Linh Phước.\r\n\r\nChùa Linh Phước - còn gọi là chùa Ve Chai: là một công trình kiến trúc Phật Giáo đặc sắc được trang trí chủ yếu bằng các loại gốm sứ.\r\nĐến Đà Lạt, đoàn về khách sạn nhận phòng nghỉ ngơi. Buổi tối, quý khách đi dạo Đà Lạt về đêm, ngắm cảnh Hồ Xuân Hương, nghỉ đêm tại Đà Lạt.\r\nNGÀY 4: ĐÀ LẠT\r\n\r\nSau khi dùng điểm tâm sáng tại khách sạn, xe và hướng dẫn viên  đưa quý khách khởi hành đi tham quan những điểm đến tuyệt đẹp còn lại của Đà Lạt trong lịch trình.\r\n\r\nThung Lũng Tình Yêu: Thung lũng thơ mộng, hấp dẫn là khu du lịch sinh thái - khu thắng cảnh đẹp nhất Đà Lạt đối với du khách và nhất là đối với những cặp uyên ương từ khắp miền đất nước. Thung lũng Tình Yêu cuốn hút bởi thung lũng sâu và đồi thông quanh năm xanh biếc, những lối mòn, những bậc thang leo cả trăm bậc, những cổng hoa với màu sắc rực rỡ, những con đường đất đỏ uốn lượn vòng vèo...\r\n\r\nRừng hoa khô: Đây là Showroom hoa được bảo quản nghệ thuật lớn nhất Việt Nam. Tại đây có nhiều loại hoa sấy khô đa sắc màu được các nghệ nhân cắm, trưng bày theo nhiều phong cách đầy sáng tạo và ấn tượng. Showroom như một biểu tượng để ca ngợi vẻ đẹp của thành phố “ngàn hoa.”\r\n\r\nThiền viện Vạn Hạnh: Đây là một trong những công trình kiến trúc văn hóa độc đáo thể hiện nét đặc thù của kiến trúc Phật giáo. Tại đây có  bức tượng \"Phật Thích Ca niêm hoa vi tiếu\" cao 24m, được xem là một trong những tượng đài Phật đẹp nhất nước ta.\r\nBuổi chiều, xe và hướng dẫn viên đưa đoàn thăm quan khu du lịch Thác Ddataanla và chợ Đà Lạt.\r\n\r\nKhu du lịch Thác Đatanla: Tại đây có ngọn thác Đatanla - cách thác Prenn 8 km vô cùng hùng vĩ. Một quần thể sinh thái thác ghềnh với ngọn thác chính cao hơn 20m cuộn chảy xuống thành dòng Suối Tiên thơ mộng. Quý khách có thể đi bộ hoặc đi máng trượt hoặc cáp treo để xuống trung tâm thác.\r\n\r\nChợ Đà Lạt: Đây là ngôi chợ nổi tiếng không thể không ghé mỗi khi đặt chân đến Đà Lạt. Tại đây tập trung rất nhiều hàng quán và các món ăn vặt phong phú. Chợ cũng có bán nhiều đặc sản của vùng đất như dâu tây, mứt, trái cây sấy khô... Các mặt hàng quần áo mùa đông hoặc đồ lưu niệm cũng được bày bán khắp nơi.\r\n\r\nBuổi tối, đoàn tự do khám phá thành phố tình yêu. Nghỉ đêm tại Đà Lạt.\r\nNGÀY 5: ĐÀ LẠT - TP. HỒ CHÍ MINH\r\n\r\nSáng ngày cuối cùng, sau khi ăn sáng tại khách sạn, quý khách trả phòng và lên xe  rời Đà Lạt, về TP.Hồ Chí Minh. Trên đường về, quý khách sẽ được ghé tham quan Thác Damb\'ri - Ngọn thác đẹp và hùng vĩ cao 90m của Cao nguyên Lâm Viên.\r\n\r\nĐến TP.Hồ Chí Minh, hướng dẫn viên chia tay quý khách và hẹn gặp lại. Đoàn kết thúc chương trình tham quan du lịch Nha Trang - Đà Lạt 5 ngày 4 đêm (đi xe, về xe).', 3480000, 2),
(10, 'Tour du lịch Nha Trang 3 ngày 2 đêm', 'Từ lâu, thành phố biển Nha Trang luôn là một điểm đến nổi bật thu hút tất cả mọi tín đồ yêu du lịch, nghĩ dưỡng và khám phá. Sở hữu một loạt các di sản văn hóa cùng với cảnh sắc thiên nhiên phong phú đa dạng, những bãi tắm tuyệt vời trải dài cùng biển xanh, cát trắng… Thêm vào đó là hệ thống các nhà hàng, khách sạn, quán bar được vô cùng chú trọng đầu tư khiến cho Nha Trang chưa bao giờ hết hấp dẫn.', 'Với chương trình tour du lịch Nha Trang được thiết kế đến 3 ngày 2 đêm của chúng tôi, du khách sẽ được khám phá một loạt các điểm đến tuyệt vời và chiêm ngưỡng những phong cảnh tuyệt đẹp của thành phố biển năng động nhất cả nước. Thêm vào đó, những hoạt động vui nhộn và đặc sắc trong chuyến đi sẽ mang lại cho du khách những trải nghiệm tuyệt vời, một kì nghỉ đầy giá trị để sục lại năng lượng trước khi bước vào một giai đoạn mới của cuộc sống.\r\nNGÀY 1: SÀI GÒN - NHA TRANG \r\n\r\nBuổi sáng, xe đón đoàn tại điểm hẹn và khởi hành đi Phan Thiết (tỉnh Bình Thuận). Du khách sẽ được tham quan một vòng thành phố và các thắng cảnh tuyệt đẹp ở thủ đô resort như bãi đá Ông Địa, rặng dừa Hàm Tiến, bến thuyền Mũi Né. Tại bãi biển Cà Ná tỉnh Ninh Thuận, du khách sẽ được dừng chân và tận hưởng làn gió mát từ biển thổi vào, hít thở đầy không khí vào lồng ngực. Đừng quên tranh thủ chụp ảnh tại địa điểm có phong cảnh núi kề bên biển thật đẹp nổi tiếng của miền Trung.\r\n\r\nBuổi chiều, đoàn sẽ tiến vào Nha Trang theo con đường mới ven biển Sông Lô - Hòn Rớ để qua đèo Cù Huân. Cung đường thuận lợi để ngắm cảnh biển chiều trên vịnh Nha Trang. Đến Nha Trang đoàn dùng bữa tối, sau đó về khách sạn làm thủ tục nhận phòng nghỉ ngơi.\r\n\r\nBuổi tối, xe và hướng dẫn viên sẽ đưa du khách đi dạo phố biển, tham quan chợ đêm Nha Trang, ghé vào công viên Phù Đổng, Cà phê Bốn Mùa hay khu hải sản Tháp Bà.... \r\nNGÀY 2: NHA TRANG - CÁC THẮNG CẢNH\r\n\r\nBuổi sáng ngày thứ 2, sau khi ăn sáng, đoàn bắt đầu di chuyển ra Đầm Nha Phu, đến bến tàu Đá Chồng. Tại đây đoàn sẽ xuống tàu đi tham quan khu du lịch Hòn Lao - Đảo Khỉ, tắm biển trong làn nước trong xanh ở bãi tắm Đảo Khỉ. Ngoài ra du khách cũng có thể lựa chọn tham gia các trò chơi thể thao trên biển (chi phí tự túc); hoặc tự do đi dạo tham quan trên đảo và thưởng thức các chương trình đặc sắc khác:\r\n\r\nChương trình xiếc thú đặc sắc trên đảo: Các chương trình biểu diễn bởi Khỉ, Chó và Dê. Trong hoạt động này, du khách sẽ được xem và tham gia đặt cược chương trình đua Chó nài Khỉ  duy nhất có mặt tại Việt Nam.\r\n\r\nCác công trình nghệ thuật trên đảo: Du khách cũng có thể chọn tham quan các công trình như Vườn Mỹ Nhân Ngư, Tây Du Ký, vườn tượng 12 con Giáp, Hoa Quả Sơn... rất đẹp mắt. Đặc sắc nhất là các phối cảnh vườn hoa, muôn thú tuyệt đẹp khắp đảo được các nghệ nhân nơi đây sáng tạo nên từ các loại phế liệu bỏ đi.\r\n\r\nBuổi chiều, đoàn khởi hành ghé thăm Tháp Bà Ponagar – nơi thờ Thiên Y Thánh Mẫu Ana. một công trình kiến trúc, tín ngưỡng đặc sắc của người Chăm đã tồn tại hàng thế kỷ trên dãy đất miền Trung. Được biết tên gọi Ponagar thực ra là chỉ ngọn tháp cao nhất (23m) trong tổ hợp công trình này. Ngôi đền được xây dựng vào giai đoạn Hindu giáo đang cường thịnh tại đất nước Chăm Pa (lúc này đang mang tên là Hoàn Vương Quốc).Tại đây du khách có thể thuê quần áo để khoác lên mình những bộ trang phục của người Chăm rất độc đáo (chi phí tự túc).\r\n\r\nRời Tháp Bà Ponagar, đoàn ghé tham quan Trung tâm Khoáng bùn Trăm Trứng. Tại đây du khách có thể lựa chọn một trong các dịch vụ để tận hưởng những khoản khắc thư giãn tuyệt vời khi ngâm mình trong những Bồn Trứng ẩn mình dưới rừng chuối xanh mơn mởn. Bên cạnh đó du khách cũng có thể vui đùa cùng người thân, bạn bè trong những bồn tắm tập thể dành cho nhóm từ 6 - 10 người. Có thể hòa mình vào hồ bơi, thác nước, đắm mình thư giãn với hồ thủy lực Jacuzzi sẽ là một liệu pháp tuyệt vời giúp du khách đánh tan những căng thẳng và mệt mỏi trong cuộc sống. \r\n\r\nBuổi chiều, trên đường trở về từ đây, đoàn sẽ được thưởng thức đặc sản Nem Ninh Hòa thay cho buổi cơm như thường lệ. Buổi tối, du khách tự do khám phá Nha Trang về đêm, nghỉ ngơi tại khách sạn.\r\nNGÀY 3: NHA TRANG - SÀI GÒN\r\n\r\nBuổi sáng ngày cuối cùng, đoàn làm thủ tục trả phòng. Xe đưa đoàn ra chợ Đầm, tranh thủ mua đặc sản Nha Trang. Rời chợ Đầm, xe khởi hành về TP.Hồ Chí Minh. Đoàn sẽ đi theo cung đường Ngã ba Cát Lái - hầm Thủ Thiêm (hầm vượt sông dài nhất Đông Nam Á để vào trung tâm thành phố). Về đến Sài Gòn, hướng dẫn viên chia tay tạm biệt du khách, hẹn gặp lại trong những chuyến đi tiếp theo.', 2204000, 2),
(11, 'Tour du lịch City Nha Trang 1 ngày', 'Thành phố Nha Trang nổi tiếng là một thành phố du lịch biển năng động, những bãi biển trắng phau tuyệt đẹp và khí hậu ôn hòa quanh năm. Không chỉ có vẻ đẹp do thiên nhiên ban tặng, nơi đây còn có bề dày lịch sử gắn với sự ra đời của vương quốc Cham Pa. Chính vì những nét đặc biệt này, Nha Trang trở thành điểm đến thường xuyên của đông đảo khách du lịch.', 'Tour du lịch Nha Trang 1 ngày của  chúng tôi là cơ hội để quý khách được dạo chơi và ghé thăm một loạt các danh lam thắng cảnh nổi tiếng của thành phố Nha Trang. Qua đó quý khách sẽ hiểu thêm về văn hóa, lịch sử và nhiều nét đặc sắc mà chỉ thành phố biển này có được. Một chuyến tham quan trải nghiệm thực tế tuyệt vời!\r\nBUỔI SÁNG\r\n\r\nXe và hướng dẫn viên đón Quý khách tại điểm hẹn, bắt đầu chuyến tham quan du lịch Nha Trang một ngày.\r\n\r\nViện Hải Dương Học Nha Trang: Nằm ở địa chỉ số 1, Cầu Đá, TP. Nha Trang, Viện Hải Dương học được người Pháp xây dựng vào năm 1923. Viện có diện tích rộng khoảng 20 ha nằm gần vùng biển sâu với trên 20.000 mẫu vật của hơn 4.000 loại sinh vật biển. Đặc biệt, đến đây du khách sẽ được chiêm ngưỡng bộ xương cá voi lưng gù được khai quật năm 1994. Sẽ thật tuyệt nếu quý khách lựa chọn đến Viện khi đi cùng các em bé, vì đây là cơ hội để các em có buổi học thực tế về sinh học - động vật học - hải dương học đầy giá trị.\r\n\r\nChùa Long Sơn: hay còn gọi là Chùa Phật trắng trước có tên là Đăng Long Tự, là ngôi chùa nổi tiếng nhất tỉnh Khánh Hòa, có quang cảnh nên thơ, tuyệt đẹp. Chùa có bức tượng Kim Thân Phật Tổ dài 17m, cao 5m, được ghi nhận là Tượng Phật lớn nhất Việt Nam. Nơi đây từng là trụ sở chấn hưng Phật Giáo tỉnh Khánh Hòa. \r\nTham quan Nhà Yến: đến đây, du khách có cơi hội  tìm hiểu ngành nghề khai thác, chế biến và kinh doanh yến sào tại Nha Trang.\r\nBUỔI TRƯA\r\n\r\nĐoàn sẽ dừng chân dùng đặc sản Nem nướng Ninh Hòa thay cho cơm trưa, bao gồm 1 phần nem cùng 1 tô bún và một ly trà đá. Đặc sản ẩm thực Nha Trang là một tiết mục mà du khách không thể bỏ qua trong chương trình tham quan thành phố này.\r\nBUỔI CHIỀU\r\n\r\nĐoàn tiếp tục tham quan cá địa điểm còn lại trong chương trình.\r\n\r\nTháp Bà Ponaga: Nằm cách thành phố 2 km, Tháp Bà Ponaga Nha Trang là một quần thể đền thờ tiêu biểu của nghệ thuật kiến trúc và điêu khắc dân tộc Chăm. Đây cũng được coi là danh thắng bậc nhất của Nha Trang - Khánh Hoà.Tên gọi \"Tháp Po Nagar\" thực chất là tên của ngọn tháp lớn nhất, cao tầm 23 m. Tháp là nơi thờ Thiên Y Thánh Mẫu Ana (tức Nữ vương Po Ina Nagar) - người tạo ra Trái Đất, gỗ quý, cây cối và lúa gạo và mang lại cuộc sống ấm no cho người Chăm.\r\n\r\nKhu du lịch suối khoáng nóng Tháp Bà: Tại đây, quý khách sẽ được trải nghiệm “Ôn tuyền thủy liệu pháp”, các tia nước bắn thẳng vào các huyệt đạo giúp làm giảm stress đáng kể. Ngoài ra quý khách còn được tắm bùn khoáng và ngâm suối khoáng nóng, có công dụng rất tốt cho da và hệ thần kinh, đặc biết là người mắc chứng bệnh thấp khớp (chi phí tự túc). Trên đường về, đoàn sẽ ghé cơ sở bán hàng lưu niệm để quý khách mua về làm quà cho người thân.\r\n\r\nKết thúc chương trình xe đưa quý khách về điểm đón ban đầu. Hướng dẫn viên chia tay quý khách và hẹn gặp lại.', 399000, 2);
INSERT INTO `tour` (`id`, `name_tour`, `descc`, `info`, `cost`, `id_city`) VALUES
(12, 'Tour câu cá, lặn ngắm san hô tại Bắc Đảo Phú Quốc 1 ngày', 'Đảo Ngọc Phú Quốc luôn là một nơi tuyệt vời cho những chuyến du lịch biển và nghỉ dưỡng. Không chỉ là nơi mang lại cho du khách nhiều khoảnh khắc thư giãn giá trị mà Phú Quốc còn mang đến nhưng phút giây hấp dẫn và bất ngờ. Phú Quốc được chia làm 4 phần: Bắc Đảo, Nam Đảo, Đông Đảo, Tây Đảo. Trong đó Bắc Đảo là một khu vực vô cùng thú vị để khám phá. Chỉ với khoảng thời gian 1 ngày tại những hòn đảo nhỏ nằm sát bắc Đảo Phú Quốc như hòn Đồi Mồi hay hòn Móng Tay, du khách sẽ được trải nghiệm một ngày thú vị với các hoạt động câu cá, lặn ngắm san hô đặc sắc.', 'Bắt đầu chuyến hành trình khám phá và trải nghiệmđảo ngọc xinh đẹp, buổi sáng tại khách sạn, xe và hướng dẫn sẽ đón du khách và khởi hành đi cảng Dương Đông. Du khách lên tàu di chuyển ra hòn Đồi Mồi. Tại đây, du khách sẽ có hai sự lựa chọn cho riêng mình. \r\n\r\nLựa chọn thứ nhất: vừa ngắm cảnh trên tàu vừa câu cá. Đây là hoạt động được rất nhiều du khách nữ và những du khách đã qua tuổi 40 yêu thích. Với sự lựa chọn này, du khách sẽ được đắm chìm vào không gian xanh rộng lớn của biển trời, trên chiếc tàu đung đưa theo nhịp sóng lênh đênh của biển cả. Thật dễ chịu làm sao khi đón nhận những làn gió biển mơn man được thổi từ tứ phía của đảo ngọc. Đặc biệt là một ánh sáng chan hòa của mặ trời chiếu xuống biển xanh, nơi ẩn náu của hàng vạn rạn san hô xinh đẹp. Chắc hẳn, sự lựa chọn này sẽ là một điều tuyệt vời khi đến Phú Quốc.\r\n\r\nBên cạnh lựa chọn thứ nhất, lựa chọn thứ hai sẽ là một điều hấp dẫn cho những du khách thích khám phá đại dương: lặn ngắm san hô. Với sự lựa chọn này, du khách sẽ được dịp khám phá đại dương rộng lớn tại đảo ngọc Phú Quốc. Với sự lựa chọn này, du khách sẽ được trang bị những vật dụng như: kính lặn, áo phao, bình thở oxy, chân vịt… Với những vật dụng trang bị này, du khách sẽ tự mình đi tìm những điều bí ẩn dưới lòng đại dương bao la. Nơi đó đang hiện hữu hàng ngàn nàng tiên cá xinh đẹp hóa thân mình vào vô vạn rạn san hô. Mỗi dải sang hô là một bức tranh di động chứa trong mình những vẻ đẹp huyền ảo, dịu dàng và đầy hiền hòa vớibao loài cá, mực, rong, rêu… đang uốn lượn xung quanh. \r\n\r\nPhú Quốc sẽ chẳng dừng lại nguồn cảm hứng của du khách khi tham quan và khám phá tại hòn Đồi Mồi. Bạn sẽ được tiếp tục đến với những điều mới lạ nữa khi tàu đưa du khách đến hòn Móng Tay. Cũng như những hoạt động tham quan, khám phá và thám hiểm đại dương ở hòn Đồi Mồi nhưng tại hòn Móng Tay, không đơn giản là hướng mắt ngắm nhìn những cảnh đẹp của quê hương Việt Nam. Đây sẽ là khoảng lặng để du khách có thể nhìn ngắm mọi thứ sâu hơn và nhìn thẳng vào bên trong tâm hồn mình. \r\nCó một trải nghiệm mà chắc hẳn du khách không quên được, đó là một bữa cơm trưa giữa biển khơi. Tại một nơi tuyệt đẹp như hòn Móng Tay, du khách sẽ cùng với những người bạn đi du lịch thưởng thức những món bình dân tại Phú Quốc nhưng hết sức ngon lành. Với các món như: cơm, soup, rau xào, mì xào thịt, cá chiên, trứng chiên, và tráng miệng bằng trái cây. Đặc biệt phục vụ cả những món chay theo sự lựa chọn cho du khách nào không ăn mặn. \r\n\r\nSau khoảng thời gian dùng cơm trưa và nghỉ ngơi trên tàu. Du khách sẽ quay lại bờ. Trên đường di chuyển vào bờ, du khách sẽ được ngắm nhìn một Bắc đảo Phú Quốc về chiều đầy lãng mạn. Lúc này cảnh chiều trên biển là một bức tranh không đầy màu sắc nổi trội như lúc về trưa nhưng vô cùng bình yên theo quy luật không gian của đất trời và biển cả. \r\n\r\nCuối ngày, đoàn về đến khách sạn, hướng dẫn sẽ chào tạm biệt du khách và hẹn gặp lại trong những hành trình tham quan, khám phá mới trên giải đất hình chữ S.', 374000, 3),
(13, 'Tour câu cá, lặn ngắm san hô tại Nam Đảo Phú Quốc 1 ngày', 'Đến với đảo ngọc Phú Quốc, ngoài tham quan và chiêm ngưỡng những cảnh đẹp mê hồn của những bãi tắm, các khu rừng nguyên sinh hay những di tích lịch sử và tín ngưỡng tâm linh, thì những hoạt động khám phá và trải nghiệm luôn là sự lựa chọn hàng đầu của du khách. Chỉ với khoảng thời gian một ngày, tour du lịch câu cá, lặn ngắm san hô tại Nam Đảo Phú Quốc sẽ đưa du khách đến với những cảm xúc thú vị và đầy sống động.', 'Trải nghiệm khám phá phía Nam Đảo Phú Quốc không gì bằng vừa thưởng thức ẩm thực, vừa ngắm cảnh, tắm biển, lại tham gia cả lặn ngắm san hô. Nằm phía Nam đảo Phú Quốc, nơi đây có những bãi lặn thú vị với làn nước trong vắt và những dải san hô rực rỡ sắc màu. Đây chắc chắn là một ngày thú vị để du khách thỏa mình trải nghiệm khi đặt chân lên hòn đảo tuyệt đẹp lớn nhất cả nước này.\r\n\r\nBắt đầu chuyến hành trình du lịch 1 ngày khám phá Nam Đảo Phú Quốc, xe và hướng dẫn sẽ đón du khách vào lúc 8h30 tại khách sạn, sau đó xuất phát đi tham quan cơ sở nuôi cấy ngọc trai. Tại điểm tham quan cơ sở nuôi cấy ngọc trai theo công nghệ Nhật Bản, du khách sẽ được tận mắt chứng kiến quy trình nuôi cấy ngọc trai theo quy trình nhân tạo hiện đại. Khác hẳn với quy trình nuôi cấy nhân tạo hay đánh bắt dưới lòng đại dương của ngư dân, công nghệ nuôi cấy ngọc trai nhân tạo mang kết quả thành công cao hơn. Tuy nhiên, giá thành của ngọc trai nhân tạo sẽ không cao bằng ngọc trai tự nhiên. Tại đây, du khách sẽ có cơ hội mua cho mình những viên ngọc trai sang trọng và tuyệt đẹp.\r\n\r\nRời cơ sở sản xuất ngọc trai, xe sẽ đưa du khách ra bến cảng và bắt đầu chuyến hành trình khám phá đại dương tại Nam Đảo, tàu sẽ đưa du khách đến các điểm như Mũi Kỳ Lân, Hòn Gỏi, Bãi Đá Trào… Tại đây, du khách sẽ tham gia các hoạt động lý thú như:\r\n\r\nHoạt động câu cá: Đây là hoạt động trải nghiệm biển nhẹ nhàng được rất nhiều những du khách nhỏ tuổi, lớn tuổi hay những du khách có sở thích câu cá lựa chọn. Với hoạt động này, du khách sẽ được trải nghiệm một không gian xanh với những phú giây chờ đợi và hồi hộp. Những chiếc cần câu được thả xuống biển mang theo niềm hi vọng sẽ câu được những con cá lớn. Du khách sẽ cảm nhận một điều tuyệt vời rất khó trùng lẫn với nhau khi đang ở đảo ngọc Phú Quốc. Tuyệt vời hơn, nếu du khách tự tay câu được những con cá, du khách có thể nhờ đầu bếp chế biến thành những món ăn theo sở thích của mình.\r\n\r\nHoạt động lặn ngắm san hô, khám phá đại đương: Có thể nói rằng, trong chuyến hành trình khám phá Nam Đảo, hoạt động lặn ngắm san hô, khám phá đại dương luôn là sự lựa chọn hàng đầu của du khách. Với những trang bị như kính lặn, chân vịt, áo phao và bình thở oxy, du khách có thể tự do thám hiểm một đại dương bao la rực rỡ sắc màu phía dưới đảo ngọc Phú Quốc. Với sự lung linh, rực rỡ của những đàn cá, rong rêu và những rạn san hô, chắc hẳn du khách sẽ không dễ gì kiềm lòng để rời khỏi đại dương khi trời chưa tối.\r\n\r\nSau khoảng thời gian tham gia các hoạt động khám phá và trải nghiệm biển, du khách sẽ tận hưởng không gian buổi trưa trên tàu. Tại đây, du khách sẽ được thưởng thức một bữa trưa ngon miệng trong không gian mênh mông của biển trời. Chỉ đơn giản với những món ăn bình dân được kết hợp từ rừng, biển và đồng bằng, bữa cơm trên tàu sẽ để lại cho du khách nhiều hoài niệm khi đi du lịch ở Phú Quốc.\r\n\r\nTiếp tục hành trình, tàu sẽ đưa du khách trở lại bãi Sao, một bãi cát trắng trải dài đẹp như một nàng tiên cá ngủ quên. Tại đây, du khách có thể cùng bạn bè và gia đình thưởng thức những món hải sản tươi sống chỉ có tại Phú Quốc. Đây cũng là thời điểm thích hợp để du khách hòa mình vào dòng biển xanh nhẹ nhàng lúc trời về chiều. Trong bức tranh bình yên của biển trời, du khách đừng quên lưu giữ những bức ảnh kỷ niệm tại Phú Quốc.\r\n\r\nCuối buổi chiều, xe sẽ đưa du khách về lại khách sạn, kết thúc chuyến hành trình câu cá, lặn ngắm san hô tại Nam đảo Phú Quốc. Về đến khách sạn, hướng dẫn viên chào tạm biệt quý khách và hẹn gặp lại vào những hành trình mới mới.', 374000, 3),
(14, 'Tour ngắm hoàng hôn và câu mực đêm tại Phú Quốc', 'Xứng danh với tên gọi “đảo ngọc xanh của biển”, Phú Quốc luôn tỏa sáng và đẹp lung linh trong ánh nhìn của đất trời và du khách. Không đơn thuần chỉ là nơi có sự hội tụ của những cảnh đẹp thiên nhiên hoang sơ như chốn bồng lai, tiên cảnh; không chỉ là nơi có cả hệ sinh thái rừng và biển đặc sắc; không chỉ là nơi hội tụ của rất nhiều những  di tích, địa danh lịch sử, Phú Quốc còn là nơi để kiếm tìm những trải nghiệm mới lạ tuyệt vời. Chỉ với 4 tiếng đồng hồ trong tour du lịch ngắm hoàng hôn và câu mực đêm tại Phú Quốc, du khách sẽ thấy được cuộc sống về đêm ở miền biển đảo thú vị đến nhường nào!', 'Tour du lịch ngắm hoàng hôn và câu mực đêm tại Phú Quốc là một chương trình tour mới lạ dành cho những du khách muốn trải nghiệm và ngắm nhìn đảo ngọc ở một cuộc sống khác. Màn đêm buông xuống, khi ánh đèn thắp lên, cũng là lúc những hoạt động biển của du dân diễn ra sôi nổi. Trong ánh sáng lung linh cuả những chiếc đèn pha đi biển và những cơn gió biển dịu mát, du khách sẽ được đi qua những khoảng khắc tuyệt vời.\r\n\r\nBắt đầu chuyến hành trình khám phá Phú Quốc về đêm trên biển, xe và hướng dẫn sẽ đón du khách tại khách sạn vào buổi chiều tối và xuất phát ra cảng Dương Đông để xuống tàu, di chuyển ra giữa biển. Tại đây, du khách sẽ cảm nhận một bức tranh khác hẳn về vẻ đẹp của Phú Quốc khi ở trên đất liền. Vào chính lúc này, khi mặt trời khuất dần ở đường chân trời cũng là lúc những khoảnh khắc tuyệt đẹp nhất hiện ra được thu vào tầm mắt.\r\n\r\nKhi biển trời được bao quanh bởi một màn đêm, du khách sẽ ngạc nhiên phát hiện những ánh đèn pha sáng  phát lên từ những con tàu. Lúc này du khách cũng sẽ được trải nghiệm một hoạt động thú vị với những chú tôm giả đầy màu sắc làm bằng sứ và phao cứng. Những chú tôm giả này được tô màu ăn khớp với ánh đèn và được cố định bằng dây cước mắc vào ống câu và cần câu. Đây sẽ là thứ vũ khí hoàn hảo để du khách sử dụng bắt những con mực biển tươi sống. Khắc hẳn với những chiếc cần câu cá mà du khách thường sử dụng và bắt gặp. Cần câu mực đòi hỏi một nghệ thuật phối hợp của mắt, chân và đôi bàn tay.\r\n\r\nTrong không gian đặc biệt trên con tàu trải nghiệm cảnh biển về đêm, những tiếng hò reo khi vui mừng câu được mực, những cái chắt lưỡi hối tiếc khi những chú mực đã mắc câu nhưng cuối cùng bị sảy lưới... Những cảm xúc vui vẻ thú vị lần lượt kéo đến. Đặc biệt thú vị hơn nữa, khi bước vào dùng bữa cơm tối trên tàu, du khách sẽ được tự tay chế biến mực theo những phong cách sở trường của mình với điều kiện là phải câu được mực. Tuy nhiên, nếu không câu được mực thì những món ăn được chuẩn bị trong bữa tối cũng sẽ làm quý khách hài lòng.\r\n\r\nBên cạnh việc trải nghiệm hoạt động câu mực về đêm trong không gian rộn rã tiếng cười là những khoảnh khắc chững lại để quan sát và ngắm nhìn biển trời. Với những ánh đèn được phát sáng từ những chiếc tàu chuyên phục vụ cho du lịch hay những chiếc tàu đánh bắt thủy hải sản của du dân các nơi, Phú Quốc về đêm trở nên vừa thi vị, vừa lấp lánh.\r\n\r\nSau khảng thời gian 4 tiếng trải nghiệm các hoạt động câu cá, mực trên tàu và thưởng thức bữa cơm tối thú vị, đúng 21h00, tàu sẽ đưa du khách quay trở lại bờ. Trên đường di chuyển vào bờ, quý khách sẽ được tận hưởng cảm giác thư thái, nhẹ nhàng vô cùng giữa những làn gió biển mơn man.\r\n\r\nTàu vào bờ, cập cảng Dương Đông, xe và hướng dẫn sẽ đưa du khách về lại khách sạn, kết thúc chuyến hành trình trải nghiệm biển về đêm đặc biệt ở Phú Quốc. Đến khách sạn, hướng dẫn chào tạm biệt và hẹn gặp lại quý khách trong những hành trình khám phá mới.', 330000, 3),
(15, 'Tour tham quan Bắc Đảo Phú Quốc 1 ngày', 'Phú Quốc là một hòn đảo xanh tươi tuyệt đẹp và có diện tích lớn nhất trong các hòn đảo trên lãnh thổ Việt Nam, chính vì vậy, lãnh thổ của nó cũng được chia ra 4 phần rõ rệt: Phía Bắc Đảo, Phía Nam Đảo, Phía Đông Đảo và Phía Tây Đảo. Bắc Đảo Phú Quốc là một vùng đất nguyên sơ xinh đẹp với hệ động thực vật đa dạng về loài và số lượng sinh sống. Nơi đây có những bãi biển dài còn hoang sơ và nhiều khu rừng nguyên sinh kì bí cùng những khu bảo tồn thiên nhiên giá trị.', 'Tour tham quan Bắc Đảo Phú Quốc 1 ngày sẽ là một chuyến hành trình thú vị giúp du khách mở mang tầm nhìn về các nguồn lực tự nhiên và cảnh đẹp được ban tặng cho phía Bắc hòn đảo ngọc. Cũng tại đây, du khách sẽ hiểu phần nào về lịch sử và biên giới của hòn đảo này.\r\n\r\nBuổi sáng đầu ngày, HDV đón quý khách tại khách sạn và khởi hành đến lần lượt các điểm đến ở Bắc Đảo:\r\n\r\nCơ sở sản xuất rượu Sim rừng: Rượu sim rừng là món đặc sản của Phú Quốc bắt đầu nổi lên từ năm 2005, do được rất nhiều du khách quan tâm. Hiện nay tại đây có rất nhiều cơ sở sản xuất rượu sim Rừng mọc lên và được giám định chất lượng đảm bảo.\r\n\r\nNhà thùng nước mắm: Nước mắm Phú Quốc là loại nước mắm thơm ngon vô cùng nổi tiếng, không chỉ với thị trường trong nước mà còn cả trên thế giới. Nguyên nhân là ở đây gần với nguồn nguyên liệu hải sản phong phú và quy trình chế biến cũng vô cùng đặc biệt. Tham quan nhà thùng nước mắm, du khách sẽ được giới thiệu về quy trình này.\r\n\r\nTrại chó xoáy Phú Quốc: Chó xoáy Phú Quốc là một loại chó quý hiếm, rất thông minh nhưng cơ địa của chúng chỉ hợp khí hậu tại Phú Quốc mà không thể sống ở vùng đất liền nào khác. Đây tiếp tục là một điểm đặc biệt khác lạ nơi đảo ngọc Phú Quốc.\r\n\r\nVườn tiêu: Tiêu là một loại nông sản nổi tiếng ở Phú Quốc và là nguồn thu kinh tế khá quan trọng của địa phương này. Hồ tiêu Phú Quốc được biết đến là có vị thơm và cay nồng đặc biệt hơn các loại tiêu nơi khác. Vào thăm khu du lịch sinh thái hồ Tiêu Phú Quốc, du khách sẽ được tranh thủ chọn mua đủ loại hồ tiêu về làm quà.\r\n\r\nĐình thần Nguyễn Trung Trực: Nguyễn Trung Trực (1837 - 1868) là nhà lãnh đạo cuộc khởi nghĩa chống Pháp tại Tây An vào thế kỉ 19. Ông có câu nói nổi tiếng: “Bao giờ người Tây nhỏ hết cỏ nước Nam thì mới hết người Nam đánh Tây”. Nhằm bảo vệ nghĩa quân và nhân dân trên đảo Phú Quốc, ông đã tự mình ra đầu thú và bị xử trảm năm 1868. Để tưởng nhớ đến công lao của ông, người dân đã lập nên đình thần để thờ. Mỗi năm đến ngày mất của ông, nhân dân khắp nơi lại tìm về đền thờ để làm lễ cúng ông.\r\n\r\nGành Dầu (Ngắm biên giới biển): Mũi Gành Dầu được biết là vùng đất còn hoang sơ và có đường biên giới biển Việt Nam - Campuchia. Tại đây, du khách sẽ được ngắm biên giới biển và tự mình trải nghiệm cuộc sống giản dị của ngư dân địa phương.\r\n\r\nBãi biển Ông Lang: Nếu không thích sự ồn ào náo nhiệt ở Bãi Dài thì bãi Ông Lang sẽ một lựa chọn tĩnh lặng phù hợp cho bạn. Nổi tiếng là có khung cảnh tương đối lãng mạn, bãi biển Ông Lang có những bãi đá xen kẽ với bãi cát. Trong đó các bãi đá lại là nơi trú ngụ của cá loài cá, ốc và san hô rất thú vị. Như vậy có nghĩa là du khách có thể kết hợp lặn ngắm san hô tại đây nếu có thời gian. Tuy nhiên phải nói đẹp nhất ở bãi Biển Ông Lang là vào thời điểm hoàng hôn chuẩn bị buông xuống. Vẻ hoang sơ chưa có người chạm tới sẽ hút hồn bất cứ du khách nào có mặt tại đây.\r\n\r\nCuối ngày, rời bãi biển Ông Lang, đoàn sẽ lên xe quay trở về khách sạn. Hướng dẫn viên chia tay du khách, kết thúc tour tham quan phía Bắc Đảo Phú Quốc 1 ngày tuyệt vời.', 462000, 3),
(16, 'Tour du lich Phú Quốc 4 ngày 3 đêm: khám phá Đảo Ngọc', 'Nằm trong vịnh Thái Lan, Phú Quốc là hòn đảo tuyệt đẹp lớn nhất Việt Nam và được người người ngợi ca với cái tên mỹ miều: “đảo Ngọc”. Tại đây du khách có thể tìm thấy những bãi tắm tuyệt vời, nhiều cảnh đẹp thiên nhiên hoang sơ, làn nước biển xanh trong xanh, những bãi cát mịn trắng phau cùng bầu không khí trong lành hết sức.', 'Từ Hà Nội hay thành phố Hồ Chí Minh, du khách sẽ rất dễ dàng thực hiện một chuyến du lịch tuyệt vời tại Phú Quốc. Với thời gian 4 ngày 3 đêm, du khách sẽ có một chuyến hành trình tham quan và khám phá hết vẻ đẹp ở của đảo ngọc này. Từ những làng nghề truyền thống cho đến những thác ghềnh và làng chài cổ, hành trình sẽ không bỏ sót một điểm đến nào tại Phú Quốc.\r\nNgày 1. Khám phá phía Đông đảo Phú Quốc\r\n\r\nDu khách đáp chuyến bay đến Phú Quốc (có thể đi bằng tàu cao tốc hoặc xe khách). Hướng dẫn viên đón đoàn và di chuyển về khách sạn dùng cơm trưa, nghỉ ngơi để chuẩn bị cho buổi tham quan tại phía Đông Phú Quốc vào đầu giờ chiều.\r\n\r\nLàng Chài Hàm Ninh: Tại Phú Quốc, đây là làng chài cổ nhất còn lưu giữ những nghề truyền thống gắn liền với biển. Với vẻ đẹp hoang sơ mộc mạc chưa được khai thác, làng chài là nơi tìm đến của nhiều du khách để tìm hiểu và khám phá vùng biển thành bình này.\r\n\r\nVườn Tiêu Suối Đá: Trên vùng đất Đồng Bằng Sông Cửu Long. Phú Quốc là vùng đất duy nhất trong hồ tiêu và mang hương vị rất đặc biệt so với các vùng trồng hồ tiêu khác. Nơi đây vốn dĩ được mệnh danh “đảo quốc hồ tiêu” bởi cái vị thơm nồng trong hương hồ tiêu pha lẫn mùi vị biển cả.\r\n\r\nNhà thùng sản xuất nước mắn truyền thống: Bất kỳ vùng biển nào cũng có những làng nghề truyền thống về nước mắm. Tuy nhiên, tại Phú Quốc, nước mắm mang hương vị đặc trưng riêng của đảo ngọc này. Tại đây, du khách có thể khám phá quy trình chế biến truyền thống đã lưu giữ qua nhiều đời.\r\n\r\nCơ sở sản xuất rượu Sim: Rượu Sim là món đặc sản vừa lạ nhưng vừa ngon của hòn đào này. Với nguyên liệu chính là quả Hồng Sim và lên men tự nhiên. Rượu Sim là thức uống bổ ích cho tất cả mọi lứa tuổi và trở thành món quà quý sau mỗi chuyến du lịch.\r\n\r\nSuối Tranh: Suối tranh là điểm đến thư giãn tuyệt vời trong mỗi chuyến du lịch Phú Quốc. Bạn sẽ được chiêm ngưỡng một bức tranh thiên nhiên tuyệt đẹp dung hòa giữa rừng núi và thác ghềnh. Một nơi không chỉ khách trong nước mà khách nước ngoài cũng rất yêu thích.\r\n\r\nDinh Cậu: Là nơi gắn liền với đời sống tâm linh của ngư dân đảo Phú Quốc, Dinh Cậu là nơi cầu những điều tốt lành cho mỗi chuyến ra khơi đánh bắt của ngư dân. Ngày nay, đây là nơi tìm đến của du khách bởi vẻ đẹp hấp dẫn và thơ mộng. Tại đây cũng có chợ đêm Dinh Cậu sinh hoạt tấp nập, cũng là một điểm đến thú vị cho du khách ghé thăm.\r\n\r\nBuổi tối đoàn dùng cơm tại nhà hàng và tự do khám phá Phú Quốc về đêm.\r\nNgày 2. Khám phá phía Nam đảo Phú Quốc\r\n\r\nNgày thứ 2 trong chuyến hành trình, đoàn bắt đầu bằng những món điểm tâm sáng tại nhà hàng và tiếp tục hành trình tham quan phía nam đảo Phú Quốc.\r\n\r\nKhu nuôi cấy ngọc trai Nhật Bản: Ngọc trai từ xa xưa đã trở thành món trang sức có giá trị bậc nhất. Tại đây, du khách sẽ được chứng kiến toàn bộ quy trình nuôi trồng và lấy ngọc trai.\r\n\r\nDi tích lịch sử nhà lao Cây Dừa: Là nơi lưu giữ và mô phỏng lại bao tội ác của chính quyền Mĩ Ngụy. Nhà Lao cây Dừa là điểm tham quan xúc động khi du khách đứng trong một không gian oanh liệt của lịch sử dân tộc.\r\n\r\nCảng An Thới: Cảng An Thời là nơi hội tụ mua bán của tàu thuyền sau những chuyến đánh bắt ngoài khơi. Tại đây, du khách sẽ trải nghiệm câu cá trên tàu và lặn ngắm san hô. Đây là hoạt động được nhiều du khách thích thú trong mỗi chuyến du lịch.\r\n\r\nBãi Sao: Nổi tiếng không chỉ ở Phú Quốc mà cả ở các vùng ven biển của nhiều tỉnh khác. Với vẻ đẹp của làn nước trong xanh, bãi cát trắng mịn và làn gió biển mát mẻ, Bãi Sao là nơi tìm đến của sự thư giãn, nghỉ dưỡng và ngắm biển lúc hoàng hôn và bình minh.\r\n\r\nBuổi tối, du khách trở về khách sạn dùng cơm và nghỉ ngơi. Thời gian về đêm là lúc du khách được tự do khám phá ở phía Nam Phú Quốc.\r\nNgày 3. Khám phá phía Bắc đảo Phú Quốc – Vinperl land\r\n\r\nNgày thứ 3, đoàn sẽ tranh thủ tham quan những danh lam thắng cảnh nổi bật còn lại của đảo ngọc Phú Quốc.\r\n\r\nRừng quốc gia Phú Quốc: Có diện tích hơn 31.000 ha, rừng quốc gia Phú Quốc được chia làm 3 phân khu với những hoạt động theo quy chế nghiêm ngặt. Tại đây, vườn quốc gia là nơi cưu trú của nhiều hệ động thực vật rất đa dạng. Đến đây, du khách có thể tham quan và chụp ảnh kỷ niệm tại khu giữ trữ sinh viên của thế giới.\r\n\r\nĐền thờ anh hùng Nguyễn Trung Trực: Khác với đền thờ trong đất liền tại Rạch Giá, đền thờ anh hùng Nguyễn Trung Trực ở Phú Quốc được cư dân tôn sùng là thánh, bảo hộ cho cư dân tại đây.\r\n\r\nMũi Gành Dầu: Đây là nơi địa đầu của Phú Quốc. Từ đây, du khách sẽ phóng tầm mắt chiêm ngưỡng được cả cánh rừng của Campuchia. Đến biên hải quán, du khách sẽ được lắng nghe nghệ thuật Đờn Ca Tài Tử.\r\n\r\nBãi Dài: Được đánh giá và xếp hạng là 1 trong 13 bãi biển đẹp nhất thế giới, Bãi Dài là nơi tuyệt vời để ngắm cảnh, vui chơi, giải trí và thưởng thức những món hải sản tươi sống thơm ngon.\r\n\r\nBuổi trưa đoàn sẽ dùng cơm tại nhà hàng và trở về khách sạn để nghỉ ngơi.\r\n\r\nBuổi chiều, đoàn sẽ ghé lại khu du lịch Vinperllr Land, khu vui chơi giải trí hiện đại nhất Việt Nam. Tham gia các trò chơi hấp dẫn, tự do mua sắm tại các khu mua sắm, làng ẩm thực, khu phố thức ăn nhanh, thưởng thức màn trình diễn nhạc nước hoành tráng, xiếc cá heo, chương trình nàng tiên cá,…\r\n\r\nQuý khách dùng cơm tối tự túc tại Vinpearl Land. Tour sẽ gửi lại tiền ăn cho 1 suất là 120.000Đ/người. Về khách sạn và nghỉ đêm tại Phú Quốc.\r\nNgày 4: Tạm biệt Đảo Ngọc Phú Quốc\r\n\r\nBuổi sáng, quý khách dùng điểm tâm và tự do nghỉ ngơi, tắm biển hoặc ghé mua sắm đặc sản Phú Quốc tại trung tâm thị trấn Dương Đông. Đến giờ hẹn, HDV tiễn khách ra sân bay Phú Quốc. Kết thúc tour du lịch Phú Quốc 4 ngày 3 đêm.', 2963000, 3),
(17, 'Tour du lịch Phú Quốc 3 ngày 2 đêm', 'Nếu tìm một điểm đến tốt cho mùa hè, không còn đâu hấp dẫn hơn là đảo Ngọc Phú Quốc. Đây là hòn đảo lớn nhất Việt Nam nằm sâu trong vịnh Thái Lan, thuộc huyện Phú Quốc (tỉnh Kiên Giang). Nơi đây được xác định là trung tâm du lịch sinh thái và trung tâm giao thương tầm cỡ khu vực và quốc tế. Với nhiều cảnh đẹp hấp dẫn bao gồm các bãi biển còn hoang sơ tuyệt đẹp, những suối nước trong xanh len giữa ghềnh đá, bãi lặn, rạn san hô rực rỡ... Phú Quốc luôn làm đắm lòng du khách.', '«Đảo Ngọc» Phú Quốc luôn là sự lựa chọn hàng đầu cho những chuyến tham quan, du lịch và nghỉ dưỡng. Với tour du lịch 3 ngày 2 đêm tại Phú Quốc, du khách sẽ được chiêm ngưỡng và khám phá những điều thú vị của sông suối, biển cả và ghềnh thác . Cùng với đó, du khách sẽ được tham quan những điểm di tích lịch sử, những cơ sở sản xuất đặc sản và thưởng thức những món hải sản nổi tiếng.\r\nNgày 1: Du lịch Phú Quốc\r\n\r\nĐảo ngọc Phú Quốc luôn là sự lựa chọn số một cho một chuyến tham quan, du lịch, khám phá và nghỉ dưỡng. Trong ngày đầu tiên của tour du lịch 3 ngày 2 đêm, du khách sẽ đáp sân bay (hoặc đi tàu và cao tốc) đến Phú Quốc. Tại đây, hướng dẫn viên sẽ đón du khách và di chuyển về khách sạn check in. Đoàn nghỉ ngơi và dùng cơm trưa để lấy lại sức chuẩn bị cho chuyến tham quan vào buổi chiều.\r\n\r\nBuổi chiều đoàn bắt đầu chương trình tham quanvới các điểm du lịch nổi tiếng như:\r\n\r\nChùa Hùng Long (Sùng Hưng Cổ Tự): Chùa Hùng Long còn được gọi là Am Sư Môn. Một ngôi chùa được xây dựng vào năm 1930 bởi Thiền Sư Giai Minh. Trải qua nhiều biến cố lịch sử, chùa là nơi tín ngưỡng tâm linh và lưu giữ nhiều hiện vật có giá trị văn hóa và lịch sử.\r\n\r\nLàng Chài Hàm Ninh: là làng chài cổ gắn liền với nghề đánh bắt thủy hải sản của ngư dân đảo Phú Quốc. Làng là nơi lưu giữ những nghề truyền thống về biển của ngư dân. Bên cạnh đó là sự nguyên vẹn trong nét đẹp hoang sơ đầy thanh bình của một làng biển.\r\n\r\nSuối Tranh: Giống như tên gọi, con suối mang một vẻ đẹp thơ mộng như bức tranh thủy mặc của núi rừng và ghềnh thác. Con suối ẩn hiện giữa làn nước trong vắt bên những tán cây rừng chen chúc, xa xa là những tảng đá to điểm xuyết cùng những cơn gió mát mẻ ùa đến. Suối Tranh là điểm đến thư giãn tuyệt vời của du khách trong và ngoài nước.\r\n\r\nKết thúc chuyến đi ngày thứ nhất, du khách sẽ ghé thăm vườn Hồ Tiêu Phú Quốc và cơ sở sản xuất rượu Sim. Đây là 2 đặc sản nổi tiếng đại diện cho Phú Quốc trong việc quảng bá và giới thiệu quê mình.\r\n\r\nBuổi tối du khách sẽ về lại khách sạn và dùng cơm tối tại đây. Về đêm mọi người sẽ được trải nghiệm câu cá, mực và thưởng thức hải sản tươi sống trên tàu (chi phí tự túc).\r\nNgày 2. Khám Phá đảo ngọc Phú Quốc\r\n\r\nBuổi sáng ngày thứ 2 tại Phú Quốc, du khách dùng điểm tâm sáng tại khách sạn và tham quan các điểm đến hấp dẫn.\r\n\r\nCơ sở nuôi ngọc trai: Ngọc trai không chỉ là món hải sản giàu chất dinh dưỡng mà còn mang lại lợi nhuận kinh tế rất cao. Tại đây, du khách sẽ tham quan quy trình nuôi cấy trai và chứng kiến quá trình lấy ngọc trai ra khỏi võ.\r\n\r\nNhà tù Phú Quốc: Đây là một di tích lịch sử - một trong những điểm luôn làm du khách xúc động về quá khứ oai hùng của dân tộc. Nhà Tù Cây Dừa là nơi tái hiện lại những tội ác ghê rợn của Mỹ Ngụy trong cuộc chiến đấu giải phóng quê hương. Những cảnh tra trấn, đánh đập dã man sống động như thật sẽ đưa du khách hồi tưởng lại sự bạo tàn của Mỹ Ngụy ngày đó.\r\n\r\nLàng nghề sản xuất nước mắm: Không riêng gì ở vùng biển Phan Thiết, Cà Ná, Ninh Chữ… Phú Quốc cũng là nơi tạo ra hương vị nước mắm thơm ngon đặc biệt. Tại đây, làng nghề nước mắm cổ truyền đã được duy trì qua bao thế hệ. Điều đặc biệt, làng nghề luôn trung thành với phương thức thủ công dù ngày nay có nhiều phương tiện hiện đại.\r\n\r\nBãi Sao: Là điểm đến xinh đẹp luôn nằm trong danh sách bãi biển xinh đẹp của thế giới. Bãi Sao là nơi để du khách thư giãn, vui chơi, giải trí và trải nghiệm biển thú vị. Du khách có thể tham gia các hoạt động: lặng ngắm san hô, câu cá… (chi phí tự trúc).\r\n\r\nBuổi tối, đoàn trở về khách sạn ăn tối và nghỉ ngơi.\r\nNgày 3. Tạm biệt Phú Quốc\r\n\r\nNgày cuối cùng trong tour du lịch Phú Quốc 3 ngày 2 đêm là khoảng thời gian tự do khám phá, mua sắm. Sau khi dùng điểm tâm sáng tại khách sạn, du khách có thể tìm đến những làng chài, hay chợ để khám phá mua quà tại đây.\r\n\r\nĐến giờ hẹn, xe sẽ đón khách và đưa ra sân bay để về lại TP. Hồ Chí Minh. Kết thúc tour du lịch 3 ngày 2 đêm tại Phú Quốc.', 2100000, 3),
(18, 'Tour du lịch Phú Quốc 1 ngày: Phú Quốc – An Thới – Bãi Sao', 'Bạn đang bị quá tải với công việc và cần một khoảng dừng cho bản thân, nhưng bạn không có nhiều thời gian để đi đây đó? Đừng lo lắng vì tour du lịch Phú Quốc 1 ngày giá rẻ sẽ giúp bạn thực hiện điều đó. Chỉ với một ngày, không cần tốn quá nhiều chi phí, không mất nhiều thời gian, bạn vẫn có thể đi và chiêm ngưỡng một đảo ngọc nằm giữa biển cả với nhiều trải nghiệm thú vị.', 'Buổi sáng của chuyến du lịch Phú Quốc 1 ngày, xe và hướng dẫn viên sẽ đón du khách tại điểm hẹn. Điểm dừng chân đầu tiên trong chuyến hành trình là cơ sở nuôi cấy ngọc trai nhân tạo. Tại đây du khách sẽ được nghe quy trình nuôi cấy ngọc trai và tận mắt chứng kiến quá trình thu hoạch ngọc trai.\r\n\r\nRời cơ sở nuôi cấy ngọc trai, đoàn sẽ lên thuyền đi khám phá quần đảo An Thới. Trên đường di chuyển, đoàn sẽ đi qua hòn Dâm, hòn Rỗi, hòn Dừa. Trên thuyền có đầy đủ các tiện nghi để phục vụ nhu cầu lặn thám hiểm vùng biển An Thới. Trên mặt sóng lênh đênh nhẹ nhàng, với kính lặn xuyên thấu đáy đại dương, du khách sẽ thấy một cảm giác tuyệt vời khi mình như chú cá nhỏ nằm trong lòng biển mẹ.\r\n\r\nTrong lúc du khách khám phá đại dương huyền bí tại cảng An Thới, các đầu bếp ở trên thuyền sẽ chế biến những món ăn hải sản tươi sống để phục vụ quý khách. Còn gì tuyệt vời hơn khi thưởng thức hải sản ngay trên vùng biển xinh đẹp.\r\n\r\nBuổi chiều đoàn di chuyển đến Bãi Sao - một bãi biển đẹp tuyệt vời nằm trong danh sách những bãi biển đẹp nhất thế giới. Du khách sẽ được tận hưởng một cảm giác nhẹ nhàng trong cơn gió nhẹ của biển cả. Đến đây, du khách sẽ được thả mình trong làn nước xanh với bờ cát dài trắng mịn tuyệt vời. Điều đặc biệt mà bạn sẽ khám phá được là cát ở Phú Quốc mịn vô cùng so với các bãi biển khác.\r\n\r\nBuổi chiều tối xe sẽ đưa du khách quay lại điểm hẹn ban đầu, kết thúc tour du lịch Phú Quốc 1 ngày giá rẻ.', 350000, 3),
(19, 'Tour Trekking Tà Năng – Đồi Trọc 2 ngày 1 đêm', 'Tham gia trekking với chúng tôi trong hành trình Tour Tà Năng – Đồi Trọc 2 Ngày 1 Đêm, điều quý khách sẽ nhận được chắc chắn sẽ là:\r\n\r\n    Cơ hội về với mẹ rừng Tà Năng, lắng nghe và cảm nhận từng vẻ đẹp, từng hơi thở của thiên nhiên, đắm chìm trong một khung cảnh vô cùng hùng vĩ và tuyệt đẹp\r\n    Cơ hội tránh xa khói bụi đường phố và tặng cho bản thân một bầu không khí trong lành\r\n    Cơ hội tặng cho bản thân một khoảng dừng trong cuộc sống, đánh tan mọi stress trong cuộc sống vội vã ngoài kia, sục lại cho mình một nguồn năng lượng mới.\r\n    Cơ hội rèn luyện thể lực qua chặng đường trekking xuyên cung đường đại ngàn hoang sơ\r\n    Ý thức được những vẻ đẹp tuyệt vời của thiên nhiên đang cần được chung tay bảo vệ\r\n    Cơ hội gặp gỡ những người bạn mới cùng sở thích, hát cho nhau nghe một đôi câu, chia sẻ vài chuyện đời, có những cuộc trò chuyện sâu sắc.\r\n    Được nghe những câu chuyện thú vị về núi rừng Tà Năng, câu chuyện về lịch sử của một ngọn đồi từng bị nhiễm chất độc hóa học thời chiến tranh đã hồi sinh trở lại.\r\n    Trải nghiệm cảm giác “sáng thức dậy ở 1 nơi xa” trong một cái lều, trên 1 ngọn đồi, cùng nhiều người bạn.\r\n\r\n', 'Với hành trình trekking Tà Năng – Đồi Trọc 2 Ngày 1 Đêm, du khách sẽ được trải nghiệm một chuyến đi tuyệt vời tìm về với núi rừng thiên nhiên hùng vĩ, tuyệt đẹp. Đây chắc chắn là cơ hội hiếm hoi để được chiêm ngưỡng những cảnh quan tự nhiên kì diệu trên cung đường đại ngàn đẹp nhất Việt Nam. Không những thế, 2 ngày 1 đêm vào sâu tận núi rừng, từ bỏ mọi phương tiện liên lạc sẽ là một khoảng lặng cho cuộc sống giúp bạn cân bằng với những bon chen, tấp nập thường ngày.\r\nNgày 1: Tà Năng -  Khởi Động\r\n\r\nBuổi sáng ngày đầu tiên, đoàn sẽ tập trung ngay tại ngã 3 Ninh Gia - Đức Trọng. Tại đây sẽ có hướng dẫn viên đón đoàn, chuẩn bị đồ đạc cho cuộc trekking, sau đó di chuyển bằng ôtô về Tà Năng.\r\n\r\nĐến Tà Năng, đoàn bắt đầu chia đồ, mỗi người sẽ mang trên vai balo của mình và bắt đầu treking xuyên rừng qua cung đường đại ngàn đẹp nhất Việt Nam. Với hành trình này, bạn sẽ lần lượt được chiêm ngưỡng nhiều cảnh quan khác nhau và vô cùng lạ mắt khiến bạn phải thốt lên đầy ngạc nhiên. Có những lúc sẽ là đi qua những thửa ruộng nhỏ, rẫy cà phê xanh ngắt, bước lên những đồi cao, bắt gặp những chú ngựa thồ hàng, những chiếc xe máy cũ kĩ nằm bên rẫy lúa… Quanh cảnh lắm lúc sẽ gợi cho ta cảm giác như đang ở  một nơi nào đó của Sapa!\r\n\r\nĐoàn sẽ tiếp tục trekking qua những đoạn rừng thông ngút ngàn, với hệ thống núi đồi hình bát úp đặc trưng. Trên chặng đường này, mọi người sẽ lần lượt bắt gặp nhiều loài thực vật thú vị. Nào là một giò hoa phong lan, nào là một vạt nấm rừng, một khu vực thì bạn sẽ thấy vô số cây nắp ấm, khu vực khác thì toàn là nghệ rừng!\r\n\r\nTrên hành trình, đoàn sẽ dừng chân nghỉ ngơi mỗi lúc cảm thấy quá sức. Đây cũng là lúc mọi người có thể tranh thủ bấm máy ảnh ghi lại những khoảnh khắc vui vẻ bên nhau, hoặc đơn giản là chụp lại một bông hoa sim rừng tuyệt đẹp.\r\n\r\nCuối buổi chiều, đoàn cố gắng di chuyển đến tại con suối đầu tiên và hạ trại nghỉ ngơi, cùng nhau uống nước hát hò, ráng hít thở cho không khí sạch chui đầy lồng ngực.\r\nĐến tối, đoàn đốt lửa trại, cùng nhau chuẩn bị bữa tối, ăn tối và ngồi ca, đàn hát bên nhau. Đây cũng là lúc bắt đầu làm quen lại những người bạn mới thực ra đã gắn bó với mình suốt cả hành trình một ngày vừa rồi. Những câu chuyện cứ thế râm ran đến lúc nửa đêm. Người dẫn đường kể chuyện những cung đường đã đi qua, những câu chuyện về rừng núi Tà Năng huyền bí.\r\nNgày 2: Đồi Trọc - Suối Cọp - Tà Năng\r\n\r\nBuổi sáng ngày thứ 2, thức dậy thật sớm giữa cái lạnh tại đồi trọc, sau khi vệ sinh cá nhân đoàn cùng nhau hân hoan ăn sáng và trò chuyện bên nhau. Đây cũng là lúc mọi người tranh thủ lưu giữ những bức ảnh kỉ niệm tuyệt vời giữa ngọn đồi lộng gió và xung quanh là một thảm màu xanh mướt của thiên nhiên kì diệu. Một điều đặc biệt là bạn sẽ lần đầu tiên được nếm cái vị lạnh của xứ Cao Nguyên khi  giữa đồi có thêm chút gió. Phải nói là lạnh không thua gì Sapa nếu bạn đã từng có dịp trải nghiệm.\r\n\r\nKhoảng 7h sáng, đoàn sẽ bắt đầu di chuyển ra rừng. Trên đường đi, một lần nữa mọi người sẽ tận hưởng những vẻ đẹp bên đường: suối nước nhỏ róc rách trong veo, những bông hoa sim tím biếc rung rinh trước gió, những cây thông lá kim cao thật cao thân to bằng cả thân người, những tổ chim bí mật trên ngọn cao… Trước khi ra khỏi rừng, đoàn cũng không quên khám phá chụp ảnh mõm đá sống ảo.\r\n\r\nĐến trưa, đoàn sẽ nghỉ ngơi tại đồi  - 2,  dừng lại ăn uống và nghỉ ngơi. Buổi chiều theo dự kiến, đoàn sẽ trekking ra đến Tà Năng. Chia tay cánh rừng thân thương, đoàn di chuyển bằng ôtô về ngã ba Ninh Gia – Đức Trọng và chia tay hướng dẫn viên tại đây. Kết thúc chuyến hành trình trekking Tà Năng – Đồi Trọc 2 ngày 1 đêm quá sức tuyệt vời!', 1500000, 5),
(20, 'Tour chèo thuyền ngắm lá phong ở Đà Lạt', 'Nếu mùa thu là mùa người người tìm đến đảo Nami Hàn Quốc hay sang Nhật Bản để mong ngóng ngắm sắc lá phong đang dần chuyển màu đỏ rực, thì không cần đi đâu xa, bạn cũng có thể gặp thiên đường thu ngay tại thành phố Đà Lạt. Nơi cao nguyên lộng gió mát mẻ, cứ mỗi thu về, trong khu du lịch Hầm Điêu Khắc - vượt qua Hồ Tuyền Lâm, bạn sẽ lần đầu tiên được mê mẩn ngắm nhìn một rừng phong đỏ đang lòa xòa trước mặt.', 'Tour chèo thuyền ngắm lá phong Đà Lạt là một chuyến đi giúp bạn khám phá những vẻ đẹp diệu kì tuyệt vời nhất của thiên nhiên: rừng phong đỏ đang chuyển màu thay lá; đồi cỏ hồng nên thơ tuyệt đẹp như  nơi xứ lạnh phía bên kia bán cầu; ngắm rừng bonsai tuyệt đẹp dọc hồ Tuyền Lâm; những sóng nước lăn tăn trên mặt hồ vỗ nhẹ vào mạn thuyền buổi sáng sớm… Một chuyến đi về với thiên nhiên vô cùng tuyệt vời và dễ chịu!\r\n\r\nVào ngày tour diễn ra, từ 8h30 - 9h00 sáng, hướng dẫn viên (kiêm huấn luyện viên) sẽ đón quý khách tại KDL Đường Hầm Điêu Khắc để bắt đầu xuống thuyền chèo thuyền vượt qua Hồ Tuyền Lâm. \r\n\r\nChắc hẳn tất cả mọi người, ai ai cũng đã từng trầm trồ khi xem những con đường lá phong đỏ rực vào mùa thu trong những cảnh quay lãng mạn trên các bộ phim truyền hình  Hàn Quốc. Bên cạnh đó, những bức ảnh màu phong cảnh tuyệt đẹp làm nức lòng người ở Canada, Nhật Bản, Trung Quốc, hay Anh, Mỹ… cũng khiến ta không khỏi bồi hồi ao ước.  Nhưng không ở đâu xa, ngay ở Đà Lạt thôi, vượt qua hồ nước Tuyền Lâm huyền thoại này, bạn sẽ được thỏa mắt ngắm nhìn một rừng phong tuyệt đẹp đang chuyển mình thay lá.\r\n\r\nTuy vậy, vào khoảng thời gian chèo thuyền vượt bờ Tuyền Lâm, đừng quên tranh thủ ngắm nhìn mặt hồ trong xanh đang lăn tăn lượn sóng hay cảm nhận làn nước dang mơn man vỗ nhẹ vào mạn thuyền. Có thể nói, khi tay bạn đang thoăn thoát đẩy mái chèo, cũng là lúc bạn thực sự buông bỏ bao mệt nhọc tâm trí ngoài kia để hòa mình với thiên nhiên tĩnh tại. Chèo thuyền vào buổi sáng, khi trời xanh và ít gió là tuyệt nhất.\r\n\r\nSau khi lên đến bờ, bạn sẽ được tản bộ dạo quanh rừng phong hay ngắm nhìn từng lá phong đang thơ thẩn thả mình rơi xuống mặt đất. Đừng quên tranh thủ chụp những bức hình thật chất để ghi dấu khoảnh khắc bạn có mặt tại đây. Bạn cũng có thể tranh thủ lượm một chiếc lá phong đỏ về làm kỉ niệm.\r\n\r\nRời rừng phong, đoàn sẽ cùng nhau xuống vườn hái hồng chín Đà Lạt. Không những được ăn mà bạn còn được hái mang về. Hết hái hồng, đoàn lại chuyển qua hái dâu tây.\r\nTiếp đến, mọi người sẽ cùng nhau đi đào khoai lang mật nổi tiếng của Đà Lạt. Những củ khoai to do tự tay mình đào lên và tự tay nướng có vẻ ngon lành hơn bao giờ hết. Tiết mục sau đó mà cả đoàn sẽ tham gia là đi lượm hạt dẻ rừng. Cảm giác bạn đang lượm dưới đất còn hạt dẻ thì cứ thi nhau rơi trên đầu đến nỗi phải chạy qua chạy lại lượm không xuể thật là thú vị!\r\n\r\nCuối cùng, trước khi quay trở lại thuyền để chèo về bờ bên kia, đoàn sẽ ghé thăm bãi cỏ hồng tuyệt đẹp, dạo bước giữa 1 khung cảnh lãng mạn ngỡ như đang ở một đất nước phương Tây nào đó.\r\n\r\nRời đồi cỏ hồng, đoàn quay lại thuyền và chèo thuyền quay lại điểm xuất phát, kết thúc tour chèo thuyền ngắm lá phong đỏ với nhiều trải nghiệm tuyệt vời.', 200000, 5),
(21, 'Tour đu dây vượt thác Đatanla, Đà Lạt', 'Nổi tiếng là thành phố mộng mơ với sương mù mờ ảo lúc sáng sớm và ngàn hoa nở rộ suốt quanh năm, Đà Lạt còn mê hoặc lòng người bởi nơi đây còn là chỗ ngự trị của những dòng suối hay con thác hùng vĩ. Đây chính là chỗ để mọi du khách thử thách mình trong giới hạn của thiên nhiên muôn màu.', 'Tour đu dây vượt thác Datanla Đà Lạt là một hành trình đầy những trải nghiệm bất ngờ, thú vị và hồi hộp nhất trong số tất cả những trải nghiệm mà bạn từng đi qua. Đây cũng sẽ là những trải nghiệm quý giá để thử thách bản thân, tìm lại chính mình giữa thiên nhiên hoang sơ kì vĩ.\r\n\r\nBắt đầu chuyến hành trình trải nghiệm đu dây chinh phục thác núi Dalanta, xe và hướng dẫn của công ty sẽ đón khách tại khách sạn lúc 8h sáng, sau đó đến điểm tập kết tại thác. Trên đường di chuyển đến điểm tập kết, du khách sẽ được ngắm những phong cảnh nhẹ nhàng của rừng núi Đà Lạt trong làn sương mù mờ ảo.\r\n\r\nTrước khi bắt đầu cuộc hành trình chinh phục hệ thống thác Dalanta. Du khách sẽ được những huấn luận viên chuyên nghiệp hướng dẫn về các kỹ thuật trượt, leo trèo, thắt dây an toàn… Sau đó, du khách sẽ trải qua bước thử thách đầu tiên trên độ cao 15m cơ bản trên vách đá khô.\r\n\r\nTrải qua bước thử thách cơ bản, du khách sẽ tiếp tục cuộc hành trình chinh phục trên vách đá nguy hiểm hơn. Đây là vách thác dựng đứng có nước chảy mạnh từ trên xuống. và cũng là thác nước mang thử thách lớn nhất đối với chính bản thân người trải nghiệm. Để vượt qua thử thách này, du khách phải là người luôn có niềm tin vững chắc và đầy gan dạ. Hòa trong dòng nước trắng xóa, mỗi mét trải nghiệm sẽ là một phút chiến thắng bản thân khi vượt qua thử thách cao 30 mét này.\r\n\r\nTiếp tục cuộc hành trình chinh phục, du khách sẽ qua hẻm núi đến trạm kế tiếp là Tyrolean Traverse. Tại đây, du khách phải leo và đu dây trượt xuống thác nước cao 17 mét băng qua dòng thác. Điểm đặc biệt tại đây là có máng trượt tự nhiên. Khác hẳn với ván trượt trong công viên, ở đây bạn sẽ được thử cảm giác trượt trên đá đầy.\r\n\r\nCuộc hành trình chưa dừng lại đó, mỗi du khách sẽ tiếp tục băng theo lối đường mòn trong khu rừng nhiệt đới để đến 2 vách núi khác. Trên đường di chuyển, có những đoạn du khách phải lèo trèo, bơi lội để băng qua dòng suối chảy xiết. Vượt qua giai đoạn này, du khách lại tiếp tục chinh phục vách đá cao 20 mét có vách nhảy 7 mét. Tại đây, mỗi người phải tận dụng hết kỹ thuật cá nhân cũng như kinh nghiệm chinh phục những vách đá khác để vượt qua. Đến vách đá 13 mét, du khách sẽ được thả lỏng vì đây là chướng ngại vật cuối cùng để đến nơi tập kết. Tại vách đá này cũng là khoảng thời gian thử thả tuyệt vời để du khách tranh thủ hòa mình giữa dòng suối mát trong khung cảnh thiên nhiên bạt ngàn, hùng vĩ.\r\n\r\nKết thúc cuộc hành trình đu dây vượt thác Datanla đầy hào hứng, du khách sẽ di chuyển băng qua khu rừng và những hẻm núi khoảng 45 phút để trở về điểm hẹn. Lúc này du khách sẽ vô cùng ngạc nhiên vì có thời gian chiêm ngưỡng và tận hưởng những cảnh sắc trên đường đi đẹp đến vô ngần. Chắc chắn đây là thời gian thích hợp nhất để săn cho mình những bức ảnh độc đáo thật đẹp. Đến điểm hẹn, xe chở du khách về lại khách sạn, kết thúc chuyến hành trình trải nghiệm 1 ngày đầy thử thách nhưng vô cùng đáng nhớ.', 1656000, 5),
(22, 'Tour du lịch Đà Lạt 4 ngày 3 đêm', 'Có thể nói rằng, thành phố Đà Lạt phải cảm ơn sự khai phá của người Pháp xưa kia, khi đã phát hiện ra vùng đất nghỉ dưỡng tuyệt vời. Với kiểu khí hậu một ngày có đủ 4 mùa: xuân - hạ - thu - đông cùng những cảnh quan thiên nhiên đẹp mắt; những vườn hoa lung linh đủ sắc màu; những rừng thông 3 lá reo vui trước gió; những hồ nước tĩnh lặng trong xanh màu ngọc bích; những công trình kiến trúc duyên dáng đậm chất Pháp... tất cả tạo nên một sức quyến rũ không thể nào cưỡng lại được cho Đà Lạt.', 'Tour du lịch 4 ngày 3 đêm tại thành phố sương mù Đà Lạt sẽ mang đến cho du khách một khoảng thời gian khám phá và nghỉ dưỡng tuyệt vời. Với những cảnh đẹp hài hòacủa thiên nhiên, núi rừng hùng vĩ. cùng những công trình kiến trúc Pháp đặc sắc bên văn hóa ẩm thực đa dạng. Thành phố sương mù là nơi đến nhưng không muốn về.\r\nNGÀY 1: TP. HỒ CHÍ MINH - ĐÀ LẠT\r\n\r\nBắt đầu chuyến hành trình khám phá 4 ngày 3 đêm ở thành phố sương mù, xe và hướng dẫn viên sẽ đón du khách tại điểm hẹn và khởi hành đi Đà Lạt. Trên đường di chuyển, đoàn ghé dùng điểm tâm sáng và tranh thủ dừng chân tham quan khu du lịch sinh thái Thác Giang Điền (Đồng Nai). Ở đây du khách sẽ được cảm nhận không khí  vô cùng trong lành, phong cảnh xung quanh tuyệt đẹp và một con đường rất thơ mộng, ấn tượng, cùng dòng thác hùng vĩ.\r\n\r\nRời Thác Giang Điền - đoàn đến thành phố Bảo Lộc - xứ sở của trà và cà phê, tranh thủ dùng cơm trưa. Buổi chiều, đoàn di chuyển về Đà Lạt check- in nhận phòng khách sạn. Buổi tối, đoàn dùng cơm và tự do khám phá phố núi về đêm.\r\nNGÀY 2: ĐÀ LẠT\r\n\r\nNgày thứ hai thức dậy tại thành phố sương mù, đoàn sẽ dùng điểm tâm tại khách sạn và bắt đầu khám phá Đà Lạt ngàn hoa.\r\n\r\nVườn Hoa Bích Câu (hay còn được gọi là vườn hoa Đà Lạt hoặc công viên hoa Đà Lạt): Nằm ở đường Trần Quốc Toản, đây là vườn hoa lớn nhất thành phố và là biểu tượng du lịch của vùng đất ngàn hoa. Nơi đây có vô số loài kì hoa dị thảo khoe sắc mà chỉ có khí hậu 4 mùa như ở Đà Lạt mới có thể trồng được.\r\n\r\nCao nguyên Lâm Viên (hay còn gọi là cao nguyên Lang Biang, cao nguyên Đà Lạt...): Có độ cao 1500m so với mực nước biển, đây là nơi hội tụ phong cảnh đẹp nhất của núi rừng Tây Nguyên hùng vĩ. Nổi bật ở cao nguyên Lâm Viên có hồ Suối Vàng, hồ Dankia, Thung Lũng Vàng... là những danh lam thắng cảnh đẹp nức tiếng Đà Lạt. Đặc biệt, trên cao nguyên Lâm Viên, du khách có thể ngắm cảnh ngoại ô Đà Lạt với những nhà vườn trồng đủ loại hoa màu và những rừng thông lá kim 3 lá, 5 lá diện tích lớn.\r\n\r\nNhà thờ Domain-de Marie (còn được gọi là Nhà thờ Vinh Sơn hay Nhà thờ Mai Anh): Đây là một cụm kiến trúc bao gồm nhà nguyện và hai dãy nhà tu viện nữ tử Bác Ái Thánh Vinh Sơn. Một công trình độc đáo được kết hợp giữa kiến trúc phương Tây với kiến trúc nhà rông Tây Nguyên truyền thống. Nơi đây có với không gian hài hòa ấm cúng và rất nhiều loài hoa tuyệt đẹp. Được biết, đây cũng là địa chỉ nuôi rất nhiều trẻ em cơ nhỡ.\r\n\r\nRời nhà thờ Domain-de Marie, đoàn di chuyển đến nhà hàng dùng cơm trưa. Buổi chiều, đoàn sẽ đến Dinh Bảo Đại (hay còn gọi là Dinh III) để tham quan.\r\n\r\nDinh Bảo Đại: còn được gọi là biệt điện quốc trưởng, nơi vua Bảo Đại - vị vua cuối cùng của triều đại phong kiến Việt Nam dùng làm nơi nghỉ dưỡng vào mùa hè. Dinh là công trình của một kiến trúc sư người Pháp và kiến trúc sư Huỳnh Tấn Phát thiết kế. Dinh III được đánh giá là dinh thự đẹp đẽ và trang nhã nằm giữa một rừng thông thuần chủng, gắn liền với các tiểu cảnh kiến trúc công viên, vườn Thượng Uyển, rừng Ái Ân và một hồ nước nhỏ hòa quyện vào nhau một cách rất hợp lý và thơ mộng.\r\n\r\nTiếp tục hành trình, đoàn di chuyển đến Hồ Than Thở. Đây là một hồ tự nhiên của Đà Lạt. Với khung cảnh rất nên thơ, hồ đã được các đôi tình nhân hay lấy làm chốn hò hẹn. Nơi đây chính là khởi nguồn cho câu chuyện tình bi thương của một đôi trai gái trẻ mà ngày nay vẫn còn được kể lại. Mặt nước hồ luôn trong xanh phẳng lặng. Phía bắc của hồ có một đôi cây thông quấn quýt rất lạ như đôi tình nhân bên nhau không rời.\r\n\r\nNằm cạnh bên hồ Than Thở là điểm đến của rừng hoa khô. Đây là một showroom hoa tươi bảo quản nghệ thuật lớn nhất Việt Nam. Bên cạnh đó, đây cũng là nơi nghiên cứu khoa học của sinh viên các trường Đại Học - Cao Đẳng.  Đặc biệt là quy trình sấy khô bảo quản theo công nghệ Nhật Bản giúp lưu giữ hoa từ 3 đến 5 năm.\r\n\r\nBuổi chiều, du khách tự do hoặc tham dự đêm lửa trại, uống rượu cần, tham dự văn nghệ cồng chiêng, giao lưu văn hóa với người Tây Nguyên (chi phí tự túc), nghỉ đêm tại Đà Lạt.\r\nNGÀY 3: ĐÀ LẠT\r\n\r\nNgày thứ 3 trong chuyến tham quan, xe và hướng dẫn sẽ đưa du khách theo con đường ven Hồ Tuyền Lâm đến tham quan đường Hầm Điêu Khắc. Nơi đây thể hiện sự tài hoa của các nghệ nhân các tác phẩm điêu khắc từ đất sét tinh tế, như một lời tường thuật về lịch sử của Đà Lạt từ thuở khai sơ cho đến ngày nay; ngoài ra Quý khách còn được tận mắt chiêm ngưỡng Ngôi nhà bằng đất sét duy nhất và độc đáo nhất nước ta, được Trung tâm sách Kỷ lục Việt Nam xác nhận 2 kỷ lục vào tháng 9/2013.\r\n\r\nTiếp tục, đoàn di chuyển đến tham quan Thiền Viện Trúc Lâm nằm trên núi Phụng Hoàng. Thiền viện thuộc thiền phái Trúc Lâm Yên Tử, là ngôi thiền viện lớn nhất tỉnh Lâm Đồng. Từ hồ Tuyền Lâm, để lên được thiền viện, du khách phải vượt qua 140 bậc thang bằng đá dài khoảng 500m, vượt qua ba cổng Tam quan mới tới Chánh điện. Thiền viện mang đậm kiến trúc truyền thống cùng phong cảnh tuyệt đẹp với muôn màu hoa đua sắc.  Mỗi năm thu hút hàng ngàn thiền sinh và khách thập phương đến tham quan, chiêm bái hoặc học thiền. \r\n\r\nRời Thiền Viện Trúc Lâm, đòan di chuyển đến nhà hàng dùng cơm trưa. Buổi chiều, đoàn lại tiếp tục hành trình tham quan Đà Lạt thú vị.\r\n\r\nGa Đà Lạt: nằm cách trung tâm thành phố Đà Lạt 500m về phía đông, Ga Đà Lạt là nhà ga tàu hỏa của thành phố Đà Lạt. Đây được xem là nhà ga lâu đời nhất ở Việt Nam và Đông Dương (hoàn thành năm 1938), và là nhà ga đầu mối trên tuyến đường sắt Phan Rang - Đà Lạt dài 84 km. Nhà ga có phong cách kiến trúc độc đáo, có ba mái hình chóp, là cách điệu ba đỉnh núi Langbiang hoặc nhà rông Tây Nguyên. Tuyến đường sắt duy nhất hiện nay nhà ga còn phục vụ chính là tuyến TP. Đà Lạt -Trại Mát dài 7 km đưa du khách đến Trại Mát và chùa Linh Phước. Đây cũng là nhà ga từng có đường sắt răng cưa duy nhất ở Việt Nam (không còn hoạt động). \r\n\r\nTại đây, du khách có thể lựa chọn 1 trong 2 chương trình sau (tùy theo điều kiện tại địa phương) đển tham quan những điều hấp dẫn trong hành trình ngày thứ 3 này.\r\n\r\n• LỰA CHỌN 1: Tham quan Trại Mát - một địa điểm lý tưởng để săn mây. Nằm cách trung tâm thành phố khoảng 7km, Trại Mát như một bức tranh chỉ có một màu xanh tươi non phủ khắp nền bức vẽ. Đây là nơi tập trung gieo trồng nông sản với trữ lượng lớn, cung cấp rau củ quả đi khắp các tỉnh thành của đất nước.\r\n\r\n• LỰA CHỌN 2: Du khách có thể  trải nghiệm đi xe lửa (chi phí tự túc) để khám phá thị trấn ngoại ô của phố núi và tham quan Chùa Linh Phước (hay chùa Ve Chai). Được biết chùa Linh Phước là một công trình kiến trúc Phật Giáo đặc sắc được trang trí chủ yếu bằng các loại gốm sứ. Sau khi rời chùa, du khách ghé chợ Đà Lạt mua đặc sản, hoặc tự do đi xe ngựa cổ 4 bánh dạo quanh hồ Xuân Hương.\r\n\r\nKết thúc chương trình ngày thứ 3, đoàn dùng cơm trưa và tự do tham quan Đà Lạt về đêm.\r\nNGÀY 4: ĐÀ LẠT - TP. HỒ CHÍ MINH\r\n\r\nNgày cuối cùng tại thành phố sương mù, du khách làm thủ tục trả phòng, xe đưa đoàn rời thành phố Đà Lạt, đến giữa đèo Prenn và ghé vào khu du lịch Thác Đatanla. Đây là một thác nước đẹp trong những thác nước ở thành phố sương mù. Tại đây, du khách có thể chọn đi bộ, đi máng trượt hoặc cáp treo để xuống trung tâm thác. Dưới đây là một quần thể sinh thái thác ghềnh với ngọn thác chính cao hơn 20m cuộn chảy xuống thành dòng Suối Tiên thơ mộng. Rời thác Đatanla, xe đưa đoàn về TP. Bảo Lộc. Tại đây du khách sẽ tranh thủ thưởng thức đặc sản trà, cà phê  và mua một ít đặc sản về làm quà.\r\n\r\nChia tay thành phố sương mù bằng ly vị café sóng sánh đậm đặc, đoàn khởi hành về TP.Hồ Chí Minh, kết thúc chuyến hành trình du lịch 4 ngày 3 đêm. Hướng dẫn viên chia tay tạm biệt đoàn và hẹn gặp lại trong những hành trình mới. ', 2626000, 5);
INSERT INTO `tour` (`id`, `name_tour`, `descc`, `info`, `cost`, `id_city`) VALUES
(24, 'Tour du lịch Đà Lạt 3 ngày 2 đêm', 'Có thể nói trong tất cả những điểm đến nổi tiếng trên đất nước Việt Nam, Đà Lạt chính là điểm đến được du khách quay trở lại nhiều nhất. Không chỉ vì có một phong cảnh hữu tình tuyệt đẹp, khí hậu quanh năm luôn trong lành mát mẻ và se lạnh cùng những câu chuyện lịch sử tuyệt vời... Ở Đà Lạt, mỗi ngõ ngách đều có những điểm tham quan vô cùng độc đáo và thú vị.', '“Tour du lịch Đà Lạt 3 ngày 2 đêm - khám phá xứ sở tình yêu” là một hành trình sẽ đưa du khách đắm chìm vào khung cảnh lãng mạn ngây ngất của thành phố ngàn hoa tuyệt đẹp. Cùng nhau ghé thăm những địa điểm nổi tiếng nhất như Nhà thờ Domain-de Marie, Thiền Viện Trúc Lâm, Dinh Bảo Đại, Đồi Robin, vườn hoa Bích Cầu, ngồi cáp treo để ngắm cảnh thành phố núi rừng từ trên cao... sẽ giúp du khách có một kì nghỉ với vô vàn trải nghiệm đáng nhớ.\r\nNgày 1: TP.HỒ CHÍ MINH - ĐÀ LẠT\r\n\r\nBuổi sáng: Xe và hướng dẫn viên sẽ đón khách tại điểm hẹn, khởi hành đi Đà Lạt. Bắt đầu tour tham quan khám phá Đà Lạt 3 ngày 2 đêm. Xe sẽ dừng chân ăn trưa ở trạm dừng.\r\n\r\nBuổi chiều, đoàn ghé tham quan Thác Damb\'ri: Đây là một trong những ngọn thác nổi tiếng đẹp, hoang sơ và hùng vĩ nhất tỉnh Lâm Đồng, cách thành phố Bảo Lộc khoảng 17km. Thác đổ xuống từ độ cao 90m tạo nên khung cảnh vô cùng đẹp mắt, tiếng thác reo vui như hoan ca, còn khu vực xung quanh lại bao trọn một bầu không khí trong lành mát mẻ. \r\n\r\nRời thác Damb\'ri, đoàn lên đường di chuyển qua huyện Di Linh, huyện Đức Trọng và tiến đến Đà Lạt, làm thủ tục nhận phòng khách sạn. Buổi tối: Quý khách sẽ dừng chân tại nhà hàng để dùng cơm tối. Nghỉ đêm tại Đà Lạt và tự do khám phá thành phố sương mù về đêm.\r\nNgày 2: ĐÀ LẠT\r\n\r\nBuổi sáng, xe và hướng dẫn  sẽ đưa quý khách đi tham quan lần lượt các địa điểm nổi tiếng tại thành phố tình yêu.\r\n\r\nĐầu tiên đoàn sẽ ghé thăm một quần thể phong cảnh đẹp nhất Cao nguyên Lâm Viên như: Hồ Suối Vàng, Hồ Dankia, Thung Lũng Vàng. Tại đây du khách sẽ được thỏa mãn chiêm ngưỡng vẻ xinh đẹp của cao nguyên.\r\n\r\nNhà thờ Domain-de Marie: Đây là một cụm kiến trúc bao gồm nhà nguyện và hai dãy nhà tu viện nữ tử Bác Ái Thánh Vinh Sơn. Được biết nhà thờ xây dựng năm 1930 và đến năm 1943 thì được xây lại với kiến trúc đặc sắc. Nhà thờ là sự kết hợp hài hòa tuyệt đẹp giữa  kiến trúc phương Tây và mái nhà rông Tây Nguyên.\r\nRời nhà thờ nhà thờ Domain-de Marie, buổi trưa, đoàn dừng chân ăn cơm trưa. Buổi chiều đoàn sẽ tiếp tục tham quan các địa điểm nổi tiếng trong hành trình.\r\n\r\nDinh Bảo Đại (hay còn gọi là biệt điện Quốc trưởng): Là tên gọi để chỉ biệt thự nghỉ hè của vua Bảo Đại, vị hoàng đế cuối cùng của triều Nguyễn đồng thời cũng là vị hoàng đế cuối cùng của các triều đại phong kiến Việt Nam.  Dinh được Bảo Đại sử dụng từ 1938 đến 1954. Toàn thể công trình mang dáng dấp kiến trúc châu Âu, trước biệt điện và sau biệt điện đều có vườn hoa. Bên cạnh đó Dinh còn chứa đựng nhiều cổ vật cung đình Huế và có hầm rượu chìm dưới lòng đất.\r\n\r\nVườn hoa Bích Cầu: Đây là vườn hoa có diện tích khoảng 7000 m2, được bày trí rất độc đáo và bắt mắt. Cổng vào vườn hoa thật sự ấn tượng với những vòm hoa bố trí vòng cung, được ghép bằng hàng trăm chậu hoa.\r\n\r\nRời vườn hoa Bích Cầu, đoàn sẽ tranh thủ dừng xe và ghé chợ Đà Lạt để mua đặc sản. Ngoài ra du khách có thể chọn tự do đi xe ngựa cổ 4 bánh để dạo quanh vãn cảnh Hồ Xuân Hương.\r\n\r\nBuổi tối, quý khách tự do tham quan khám phá Đà Lạt. Nghỉ đêm tại trung tâm thành phố.\r\nNgày 3: ĐÀ LẠT - TP. HỒ CHÍ MINH\r\n\r\nBuổi sáng ngày thứ 3, du khách làm thủ tục trả phòng, sau đó khởi hành đi tham quan các địa điểm còn lại.\r\n\r\nThiền Viện Trúc Lâm: Ðây là thiền viện lớn nhất tỉnh Lâm Đồng hiện nay, nằm trên núi Phụng Hoàng, phía trên Hồ Tuyền Lâm. Được biết thiền viện xây vào năm 1993 và thuộc thiền phái Trúc Lâm Yên Tử. Đây là ngôi chùa có cảnh quan đẹp đến choáng ngợp ở Đà Lạt và là nơi chiêm bái của hàng ngàn du khách mỗi năm.\r\n\r\nTiếp đến, du khách sẽ đi cáp treo tham quan đồi Rôbin, nằm ngay đầu đèo Prenn - cửa ngõ của thành phố. Với trải nghiệm này, quý khách sẽ được thỏa sức ngắm cảnh rừng thông mơ màng tuyệt đẹp, cảnh hồ Tuyền Lâm e ấp và ngọn núi Phượng Hoàng hùng vĩ từ trên cao.\r\n\r\nBuổi trưa, rời đồi Rôbin, xe đưa đoàn về thành phố Bảo Lộc và dừng chân thưởng thức đặc sản trà, cà phê nổi tiếng nơi đây. \r\n\r\nBuổi chiều, đoàn khởi hành về TP.Hồ Chí Minh. Đến điểm hẹn đầu, hướng dẫn viên chia tay du khách, kết thúc chương trình Tour du lịch Đà Lạt 3 ngày 2 đêm. Hẹn gặp lại du khách trong những chương trình tiếp theo. ', 2068000, 5),
(25, 'Tour Đà Lạt 1 ngày: Thác Pongour, Trúc Lâm Viên, Trại Nấm', 'Đà Lạt may mắn được thiên nhiên ban tặng nhiều món quà vô giá! Thời tiết quanh năm mát mẻ, thỉnh thoảng có chút se lạnh đủ để hít hà. Những rặng thông rì rào trong gió, những con dốc lên xuống thoai thoải mà uốn lượn nhiều hình nét duyên dáng, những hồ nước mênh mông xanh màu ngọc bích, những thung lũng thơ mộng làm say đắm lòng người. Và còn nữa, những núi non hùng vĩ, những cây cối bạt ngàn, những thác nước ầm ào cuộn sóng... tất thảy như một sức sống mãnh liệt của mảnh đất Tây Nguyên.', 'Tour tham quan khám phá thác Pongour - Nam Thiên Đệ Nhất Thác là một chương trình sẽ dẫn dắt quý khách tìm về với nét đẹp thiên nhiên hùng vĩ mà tạo hóa ban tặng cho Đà Lạt - nơi đã từng nổi tiếng như một xứ sở mộng mơ cho tình nhân!  \r\nBUỔI SÁNG\r\n\r\nXe và hướng dẫn viên của chúng tôi sẽ đón quý khách tại khách sạn (trong phạm vi nội thành Đà Lạt) và bắt đầu chương trình tham quan. Điểm đến đầu tiên của tour khám phá Nam Thiên Đệ Nhất Thác là Trúc Lâm Viên. \r\n\r\nTrúc Lâm Viên (hay còn gọi là khu du lịch văn hóa nghệ thuật Trần Lê Gia Trang). Đây được ví như hòn ngọc quý của Đà Lạt. Tại đây, đoàn sẽ đi tham quan Đền thờ những vị anh hùng dân tộc, những công trình nghệ thuật độc đáo được kiến tạo bởi bàn tay, khối óc của con người. Những tiểu cảnh, cây kiểng, bonsai, hòn non bộ, thác nước nhân tạo hay Thạch Hoa viên với những kỳ hoa dị thảo giữa sa thạch tạo nên một bức tranh thủy mặc vô cùng sống động. Đặc biệt, phòng trưng bày tranh thêu tay nghệ thuật với những tác phẩm hết sức độc đáo và tinh xảo sẽ mang đến cho du khách những trải nghiệm thú vị và khó quên.\r\n\r\nTrại nấm: Người Đà Lạt có một thú vui điền viên mang lại triệu đô - trại nấm.  Với các loại nấm đa dạng từ dân dã đến quý hiếm như: nấm mèo, nấm bào ngư, nấm linh chi đỏ, nấm mỡ nấm thông, nấm đông cô... Tại trại nấm, quý khách sẽ được hướng dẫn phân biệt các loại nấm, giưới thiệu quy trình trồng nấm và tác dụng của các loại nấm. Ngoài ra quý khách cũng tranh thủ mua các loại nấm quý về làm quà cho người thân.\r\n\r\nThác Pongour - Nam Thiên đệ nhất thác (hay còn gọi là Thác Bảy Tầng). Nằm cách Đà Lạt 50km về hướng Đức Trọng, đây là ngọn thác hoang dã và hùng vĩ vào hạng bậc nhất của Tây Nguyên và của cả Đông Dương. Thác có chiều dài 50m, chiều rộng 100m, bắt nguồn từ dòng sông Đa Nhim. Sở dĩ thác có tên là thác Bảy Tầng bởi dòng thác chảy qua hệ thống đá bậc thang 7 tầng với độ cao như thế. Tham quan Pongour, quý khách sẽ bị choáng ngợp bởi trước mắt là ngọn thác ào ạt tuôn trào trắng xóa, nước đổ ầm ầm suốt ngày đêm. Hiện thác nước được bao quanh bởi khu rừng nguyên sinh có diện tích khoảng 2,5 ha với thảm thực vật đa dạng, phong phú. Dưới chân thác có một thung lũng với nhiều vách đá cao sừng sững nhưng cũng có những mặt đá bằng phẳng để du khách có thể vui chơi. Tại đây quý khách có thể tranh thủ chiêm ngưỡng và chụp ảnh lưu niệm cùng ngọn thác hùng vĩ.\r\nBUỔI TRƯA\r\n\r\nĐoàn ghé nhà hàng, quý khách ăn trưa tự túc.\r\nBUỔI CHIỀU\r\n\r\nĐoàn tiếp tục hành trình khám phá tới những điểm đến còn lại trong ngày.\r\n\r\nThác Prenn hay còn gọi là thác Tiên Sa: đổ xuống từ độ cao 10m, dòng thác hiền hòa, trắng xóa như một dải lụa bạch buông xuống giữa rừng thông trầm mặc. Đây là một trong những thắng cảnh quyến rũ nhất Đà Lạt. Người ta đã xây dựng nơi đây thành một khu du lịch có vườn thú, vườn lan, hoa viên... đẹp rực rỡ và níu chân mọi du khách dừng chân. Tại đây, quý khách có cơ hội trải nghiệm các hoạt động như: Cưỡi Voi lội suối; cưỡi đà điểu, lạc đà, cưỡi ngựa, đà điểu, cưỡi trâu (chi phí tự túc).  Đoàn cũng sẽ đến tham quan tượng đài Lạc Long Quân – Âu Cơ, đền thờ Âu Lạc được xây dựng tại đây.\r\n\r\nThiền viện Trúc Lâm: Cách thành phố Đà Lạt chỉ 5km, thiền viện nằm trên đồi Phụng Hoàng. Đây là một công trình độc đáo nằm bên hồ Tuyền Lâm, có phong cảnh cũng như kiến trúc vô cùng tuyệt đẹp. Từ trên đồi nhìn xuống là mặt hồ yên ả xanh mướt soi bóng hàng thông reo. Thiền viện theo phái Trúc Lâm Yên Tử (thiền tông). Mỗi năm tại đây có hàng ngàn tăng ni phật tử, thiền sinh cùng đến đây học về thiền. Thiền Viện Trúc Lâm từng được trao giải “Điểm du lịch được hài lòng nhất\" trong nhiều năm liền. Đây cũng là điểm tham quan cuối cùng trong chương trình tour du lịch khám phá ngày hôm nay. Du khách tranh thủ chiêm ngưỡng, chụp ảnh và tận hưởng những giây phút thư thái nhất trong thiền viện được xây dựng từ năm 1993 này.\r\n\r\nRời thiền viện Trúc Lâm, xe và hướng dẫn viên tiễn quý khách về khách sạn, chào tậm biệt, kết thúc tour tham quan thác Pongour - Nam thiên Đệ Nhất Thác một ngày. Hẹn gặp lại trong những hành trình tiếp theo.', 550000, 5),
(26, 'Tour du lịch khám phá ngoại thành Đà Lạt 1 ngày', 'Đà Lạt nổi tiếng là một thành phố xinh đẹp, lãng mạn ngây ngất, là điểm đến đầu tiên cho các cặp uyên ương. Sở dĩ như vậy vì Đà Lạt là một nơi có khí hậu lí tưởng, thiên nhiên lí tưởng, con người chan hòa mà lịch thiệp, các công trình kiến trúc văn hóa và điểm nghĩ dưỡng được xây dựng tuyệt đẹp. Nhưng đâu đó xung quanh ngoại thành Đà Lạt vẫn luôn là những mảng màu bí mật không kém phần thú vị. Tham gia tour khám phá ngoại thành Đà Lạt, quý khách sẽ được hé lộ câu giải đáp về những mảng màu này.', 'Tham gia khám phá Ngoại thành Đà Lạt một ngày cùng chúng tôi, quý khách sẽ được dạo quanh một vòng ngoại thành Đà Lạt, ghé thăm các điểm đến nổi tiếng, cơ sở sản xuất... Chuyến đi sẽ đem đến cho quý khách những trải nghiệm mới lạ, có thêm một góc nhìn sâu hơn về thành phố Đà Lạt xinh đẹp - thành phố thiên đường của tình nhân!\r\nBUỔI SÁNG\r\n\r\nXe và HDV đón quý khách tại khách sạn và bắt đầu khởi hành chuyến tham quan khám phá ngoại thành Đà Lạt. Điểm đến đầu tiên là Làng Hoa Vạn Thành.\r\n\r\nLàng hoa Vạn Thành: Xe sẽ đưa quý khách dọc theo con đường làng với hai bên là những cánh đồng hoa xây dựng theo mô hình nhà kính. Xe sẽ dừng lại tại một trong những vườn hoa để quý khách có thể dạo bước vào từng vườn hoa đồng tiền, hoa Ly, hoa hồng, hoa cẩm chướng… Tại đây quý khách sẽ tranh thủ tham quan và thỏa sức chụp hình bên những bông hoa đủ màu sắc.\r\n\r\nXuống đèo Tà Nung, thăm trang trại cà phê: Tiếp tục chuyến đi, xe sẽ xuống đèo Tà Nung (10km) và dừng lại tại điểm đẹp nhất để quý khách thư giãn, chụp hình phong cảnh rừng núi cao nguyên. Cà phê là loại cây đã giúp người dân Tây Nguyên thoát nghèo vươn lên thành triệu phú. Tới trang trại cà phê, quý khách sẽ được hướng dẫn viên giới thiệu về nguồn gốc, chủng loại, cách trồng, chăm sóc, thu hoạch và giá trị của loài cây mang lại hiệu quả kinh tế cao này. \r\n\r\nCơ sở nấu rượu - Cà phê chồn: Quý khách sẽ dừng chân tại một gia đình có truyền thống nấu rượu lâu năm, ở đây quý khách sẽ tìm hiểu về cách ủ cơm rượu, cách nấu chưng cất làm sao để có một loại rượu ngon. Quý khách có thể uống thử những giọt rượu đầu tiên mới ra lò. Tại đây quý khách cũng có thể xem quy trình chế biến cà phê chồn. Đặc sản của cà phê Tây nguyên do những con chồn ăn hạt cà phê mà chế biến ra.\r\n\r\nNhà máy dệt lụa: Rời cơ sở nấu rượu, đoàn di chuyển tới nhà máy lụa tơ tằm, nghe hướng dẫn viên thuyết minh về vòng đời con Tằm. Ngoài ra đoàn sẽ được xem cách kéo sợi từ quả kén để dệt nên những tấm lụa tuyệt đẹp. Quý khách cungc có thể chọn cho mình một tấm lụa đẹp với giá cực rẻ tại đây.\r\n\r\nThác Voi (tên khác là thác Liêng Rơwoa): Đây là một con thác hùng vĩ nằm dưới những tán rừng nguyên sinh huyện Lâm Hà, tỉnh Lâm Đồng. Tại đây, quý khách sẽ leo qua những vách đá hoang sơ, chui vào những hang động, hòa mình vào thiên nhiên và cảm nhận những giọt nước mát lạnh bắn vào người từ ngọn thác cao 30m, rộng tới 40m.\r\nBUỔI TRƯA\r\n\r\nRời Thác Voi, đoàn di chuyển đến quán ăn và ăn trưa tự túc. \r\nBUỔI CHIỀU\r\n\r\nSau khi nghỉ ngơi, đoàn xuất phát đi thăm những điểm đến còn lại.\r\n\r\nChùa Linh Ẩn: Là một điểm du lịch tâm linh nổi tiếng của Lâm Đồng, nằm cách Đà Lạt 30km. Đây là điểm đến thú vị thường được khách du lịch phương Tây tìm đến nếu muốn tận hưởng và khám phá văn hóa Phương Đông - thiền viện Trúc Lâm thứ hai của Đà Lạt. Ngôi chùa Linh Ấn trang nghiêm bề thế, có bức tượng phật Di Lặc lớn nhất tỉnh Lâm Đồng.\r\n\r\nTrại nuôi dế: Trên đường về lại Đà Lạt, quý khách sẽ được tham quan một trong những mô hình kinh tế mới của bà con nơi đây: trang trại nuôi dế thịt. Quý khách sẽ thưởng thức món dế chiên sả ớt giòn tan, cực hấp dẫn và đầy mới lạ.\r\n\r\nRời trại nuôi dế, đoàn về lại khách sạn, kết thúc tour tham quan Đà Lạt một ngày. Hướng dẫn viên tạm biệt quý khách và hẹn gặp lại trong một ngày gần nhất.', 295000, 5),
(27, 'Tour Đà Lạt 1 ngày: Thung lũng vàng, Langbiang, Xã Lát, Ga Đà Lạt', 'Đà Lạt là một thành phố mà có thể nói: người ta sẽ không bao giờ chán cho dù có đặt chân đến đó cả ngàn lần. Nơi đây mỗi ngóc ngách, mỗi nóc nhà, mỗi ngõ nhỏ đều có một câu chuyện thú vị để khám phá. Mỗi lần đến Đà Lạt, lữ khách lại có một dư vị, một màu sắc và những câu chuyện khác nhau. Để tìm hiểu về nguồn cội và văn hóa dân gian Đà Lạt, còn gì thú vị hơn khi tham gia cùng hành trình khám phá văn hóa Đà Lạt 1 ngày.', 'Tour văn hóa Đà Lạt là một chương trình tham quan du lịch xoay quanh các điểm nổi bật mang nhiều giá trị văn hóa bản địa của Đà Lạt. Một vòng dạo quanh thành phố, quý khách sẽ được ghé thăm Thung lũng Vàng tuyệt đẹp, núi Lang biang cao nhất Đà Lạt, xã Lát - ngôi làng của người Lạch bản địa, chùa Linh Quang - ngôi chùa đầu tiên được xây dựng tại Đà Lạt, làng biệt thự cổ được xây bởi ngườiPháp, ga xe lửa đẹp nhất Đông Dương! Một chuyến đi quá sức tuyệt vời.\r\nBUỔI SÁNG\r\n\r\nXe và HDV của chúng tôi đón quý khách ngay tại khách sạn và khởi hành, bắt đầu chương trình tham quan.\r\n\r\nThung lũng vàng: Nằm cạnh hồ Dankia, cách thành phố Đà Lạt khoảng 15km. Đây là một trong những thung lũng đẹp mơ mộng nhất ở xứ sở ngàn hoa. Xe sẽ đưa quý khách tới khu du lịch Thung lũng vàng, quý khách sẽ được tản bộ dọc theo những con đường đầy hoa dưới tán thông, lang thang qua hồ suối vàng, thăm cây hóa thạch 300 triệu năm tuổi và ngắm các loại cây cảnh bonsai tuyệt đẹp. \r\n\r\nNúi Langbiang: Núi Langbiang là ngọn núi cao nhất Đà Lạt, có độ cao 2.169m so với mực nước biển. Để lên tới chân núi Langbiang (đồi Radar), quý khách thuê xe Jeep lên núi (tự túc). Từ đây quý khách sẽ có cái nhìn bao quát thành phố Đà Lạt, hồ suối vàng, suối bạc… cảm nhận được không khí mát mẻ dễ chịu của núi rừng. Tranh thủ chụp hình tại đây sẽ có rất nhiều bức ảnh tuyệt vời.\r\n\r\nXã Lát - không gian độc đáo của người Lạch: Nằm cách Đà Lạt 12km, tọa lạc dưới chân đỉnh Lang Biang hùng vĩ, xã Lát có một quãng đường hấp dẫn để khám phá. Những rừng thông bạt ngàn, những căn nhà nhỏ xíu, những trang trại trồng rau và hoa quả xinh đẹp. Vào đây quý khách còn được tham quan đời sống, văn hóa, phong tục tập quán đồng bào dân tộc Lạch (một nhóm cư dân nhỏ người K’ho). Xem quá trình làm thổ cẩm, nghe già làng kể chuyện để hiểu thêm văn hóa nơi đây sẽ là một trải nghiệm thực sự thú vị và huyền bí.\r\n\r\nChùa Linh Quang (Linh Quang tổ đình): Là ngôi chùa đầu tiên được xây dựng tại thành phố Đà Lạt. Chùa có lối kiến trúc cổ, mái cong đặc biệt. Từ cổng chùa bước vào hai bên là hai dãy tường được điêu khắc chạm trổ rồng phụng rất công phu. Tham quan ngôi chùa, quý khách sẽ có cơ hội chiêm ngưỡng một tượng rồng được điêu khắc tỉ mỉ dài 99m. Trên lưng rồng còn có tượng Phật Quan Thế Âm được thiết kế rất công phu và thẩm mỹ.\r\nBUỔI TRƯA\r\n\r\nĐoàn ghé nhà hàng và ăn trưa (chi phí tự túc).\r\nBUỔI CHIỀU\r\n\r\nĐoàn ghé thăm các địa điểm còn lại trong chương trình tour văn hóa Đà Lạt.\r\n\r\nLàng biệt thự cổ (Cadasa resort): Tọa lạc trên đường Trần hưng Đạo, phường 10, tp. Đà Lạt, làng biệt thự cổ nằm trên con đường đẹp nhất Đà Lạt với hai bên đường là những cây mai anh đào tuyệt đẹp. Tại đây quý khách sẽ nhìn thấy một dãy những căn biệt thự cổ xây dựng từ những năm 1930 của người Phái. Quý khách yêu thích chụp hình tha hồ sáng tác những bức ảnh đẹp mang tính hoài cổ nơi đây. Có thể bước vào từng căn phòng rất đẹp, nơi đã từng là nhà ở của các quan chức người Pháp xưa.\r\n\r\nBàn xoay kì lạ: Không mang yếu tố tâm linh nhưng kì lạ ở chỗ một chiếc bàn hoàn toàn làm bằng gỗ nhưng có thể quay được theo ý muốn của người đặt tay lên bàn và tập trung nghĩ về phía mình muốn xoay. Đây là chiếc bàn đã hơn 200 năm tuổi có thể xoay theo ý nghĩ con người. Được biết nếu càng nhiều người “hợp lực” thì bàn xoay càng mạnh. Một trải nghiệm thú vị khi tiếp cận với thành phố Đà Lạt.\r\n\r\nGa xe lửa cổ: Nhà ga cổ đẹp nhất Đông Dương. Nhà ga cao nhất Việt Nam. Xây dựng từ những năm đầu thế kỷ trước, mang nét hài hòa giữa kiến trúc phương Tây và kiểu nhà rông Tây nguyên truyền thống. Quý khách sẽ tham quan chiếc đầu máy chạy bằng hơi nước được sản xuất từ năm 1936 với những thanh ray răng cưa ngày xưa khi tàu vượt qua đèo Ngoạn Mục.\r\n\r\nKết thúc chương trình tham quan tại Ga xe lửa cổ, xe đưa quý khách về lại khách sạn. Hướng dẫn viên chia tay và hẹn gặp lại quý khách trong những chuyến đi sắp tới.', 255000, 5),
(28, 'Tour du lịch City Đà Lạt 1 ngày', 'Đà Lạt - thành phố ngàn hoa, thành phố của tình nhân, thành phố của tình yêu và nỗi nhớ...  Nhắc đến Đà Lạt là có hàng ngàn mĩ từ để mô tả. Có kiểu không khí se se lạnh vào buổi sáng sớm và mát mẻ hầu như gần suốt mọi thời gian. Có những thắng cảnh thơ mộng điểm xuyết hàng ngàn đóa hoa khoe sắc. Có những công trình kiến trúc mang dấu ấn của người Pháp vô cùng độc đáo và tuyệt đẹp... Đà Lạt trở thành điểm đến yêu thích của hàng triệu người khắp nơi đến mỗi năm.', 'Tham gia tour tham quan Đà Lạt một ngày cùng Trippy, quý khách sẽ được dạo thăm một loạt các thắng cảnh nổi tiếng. Không những vậy nhiều thông tin thú vị về thành phố ngàn hoa - nơi thực dân Pháp từng lựa chọn làm thành phố nghỉ dưỡng cũng được Hướng dẫn viên giới thiệu. Chắc chắn đây sẽ là một hành trình thú vị và đầy giá trị.\r\nBUỔI SÁNG\r\n\r\nXe và hướng dẫn viên đón du khách tại khách sạn. Đoàn lên xe, khởi hành tour tham quan Đà Lạt trong một ngày.\r\n\r\nDinh Bảo Đại: Ngôi dinh thự cổ được chính vua Bảo Đại - vị vua cuối cùng của Việt Nam xây dựng tại Đà Lạt để nghỉ ngơi và làm việc. Với nhiều giá trị lịch sử và dấu ấn thời đại cùng kiến trúc tuyệt đẹp, biệt điện này đã được nhà nước xếp hạng di tích quốc gia. \r\n\r\nCáp treo và Đồi vọng cảnh: Đồi Vọng Cảnh có độ cao1500m so với mực nước biển. Đứng tại đây, quý khách có thể ngắm toàn cảnh thành phố Đà Lạt. Đồi có một hệ thống cáp treo dài 2300m đưa quý khách đến thăm ngôi chùa lớn nhất Đà Lạt ( Chi phí cáp treo tự túc, nếu không muốn đi cáp treo quý khách có thể đi bằng xe tour).\r\n \r\n\r\nThiền viện Trúc Lâm - hồ Tuyền Lâm: Là một thiền viện lớn được xây dựng năm 1993, rộng 24 hecta. Thiền viện thuộc phái Trúc Lâm Yên Tử (theo Thiền Tông), nằm trên núi Phụng Hoàng, phía trên hồ Tuyền Lâm. Nơi đây không chỉ là một điểm chiêm bái của nhiều du khách trong và ngoài nước mà còn là một thắng cảnh được xếp vào hàng tuyệt tác của Đà Lạt.\r\n\r\nThác Datanla: Là một con thác hùng vĩ giữa núi rừng Cao nguyên, hiện nay đây là con thác đẹp và sạch nhất Đà Lạt. Tại đây, quý khách còn có thể thưởng thức cảm giác mạnh bằng hệ thống xe trượt ống hiện đại. (Chi phí máng trượt tự túc).\r\nBUỔI TRƯA\r\n\r\nRời Thiền Viện Trúc Lâm, đoàn về lại thành phố và ghé nhà hàng ăn trưa (chi phí tự túc, quý khách có thể nhờ Trippy đặt giúp với chi phí 100.000vnđ/phần trở lên).\r\nBUỔI CHIỀU\r\n\r\nSau khi nghỉ ngơi, buổi chiều đoàn xuất phát đi tham quan các điểm nổi bật tiếp theo của Đà Lạt.\r\n\r\nThung Lũng Tình Yêu:  đây là một thắng cảnh thơ mộng nhất Đà Lạt, nằm cách trung tâm thành phố 5km. Chìm sâu bên những sườn đồi với rừng thông quanh năm xanh biếc, Thung Lũng Tình Yêu là điểm đến tấp nập nhất Đà Lạt mỗi cuối tuần vì vẻ đẹp say đắm lãng mạn cuả nó. Khoảng 30 năm trước, nơi đây có tên tiếng Pháp là Valley d\'Amour. khi Vua Bảo Đại làm quốc trưởng thì  nơi đây đổi tên thành thung lũng Hòa Bình. Năm 1953, cái tên Thung Lũng Tình Yêu đã được ra đời.\r\n\r\nShowroom hoa nghệ thuật: Đến với showroom, quý khách sẽ được tham quan hàng trăm loài hoa của Đà Lạt: hoa tươi và sấy khô. Tại đây quý khách sẽ được thấy những bức tranh kết bằng hoa khô nhưng vẫn giữ nguyên màu sắc và hình dáng. Đặc biệt quý khách có thể mua về sử dụng được tối thiểu 5 năm trong nhà.\r\n\r\nNhà thờ Domain De Marie: còn được gọi là Nhà thờ Vinh Sơn hay nhà thờ Mai Anh. Đây là một nhà thờ có kiến trúc độc đáo vì nó là sự pha trộn giữa kiến trúc Pháp và kiến trúc mái nhà rông Tây Nguyên cùng nhiều sự phá cách sáng tạo. Tại đây có 1 điểm đặc biệt là pho tượng Đức Mẹ ban ơn cao 3m, nặng 1 tấn được khắc hoạ theo mẫu người phụ nữ Việt Nam, Bức tượng do phu nhân Decoux tặng để thể hiện lòng yêu mến với mảnh đất Đà Lạt. Domain De Marie cũng chính là nơi yên nghỉ của bà.\r\n\r\nRời nhà thờ Domain De Marie, kết thúc tour tham quan Đà Lạt một ngày, xe đón du khách về lại khách sạn. Hướng dẫn viên chia tay quý khách và hẹn gặp lại.', 260000, 5),
(29, 'Tour du lịch tham quan cố đô Huế 1 ngày', 'Nằm ở vị trí trung tâm đất nước, Huế có vị trí chiến lược vô cùng quan trọng. Chính vì vậy nơi đây xưa kia đã được 9 đời chúa Nguyễn chọn làm thủ phủ, nhà Tây Sơn chọn làm nơi đóng quân và triều Nguyễn chọn làm kinh đô của đất nước. Kinh đô Huế hay còn gọi quần thể di tích cố đô Huế, là một công trình tổng thể được vương triều nhà Nguyễn xây dựng từ đầu thế kỷ XIX đến nửa đầu thế kỷ XX. Đây cũng là công trình vương triều được đầu tư hoành tráng nhất, đẹp nhất và vẫn còn tồn tại tới ngày nay.', 'Với tour du lịch 1 ngày tại cố đô Huế, du khách không chỉ có dịp tìm hiểu về cuộc đời và sự nghiệp của các vị vua trong vương triều nhà Nguyễn mà còn có dịp chiêm ngưỡng những công trình kiến trúc độc đáo của lăng tẩm, đền chùa, thành quách… Bên cạnh đó, du khách cũng được du ngoạn vẻ đẹp dịu dàng, thơ mộng của Huế bên dòng Hương Giang.\r\n\r\nBắt đầu chuyến hành trình tham quan cố đố Huế 1 ngày, xe và hướng dẫn của công ty sẽ đón du khách tại khách sạn thành phố Huế, sau đó khởi hành đi tham quan một vòng cố đô. Trên đường di chuyển đến kinh thành Huế, xe sẽ đưa du khách đi qua những điểm nổi tiếng của Huế để quý khách chiêm ngưỡng vẻ đẹp giản dị, thơ mộng của Huế. Đến kinh thành, đoàn bắt đầu tham quan những công trình kiến trúc của lăng các vị vua Minh Mạng, Khải Định, Tự Đức.\r\n\r\nLăng Vua Minh Mạng hay còn gọi là Hiếu Lăng, được xây dựng nằm trong khu vực có nhiều đồi núi ở làng Cẩm Khê.  Lăng được xây dựng từ năm 1840 - 1843, quá trình xây dựng huy động tới mười nghìn thợ và lính để hoàn thành. Đây là một mô hình kiến trúc quy mô gồm 40 công trình lớn nhỏ, bao gồm: cung điện, đền miếu, đài ta… Nhìn tổng thể, lăng chuộng về kiến trúc truyền thống dân tộc khi nghiêng về kiến trúc điều khắc và chạm nổi. Lăng cũng thể hiện sự vương quyền, uy nghi của một vị thiên tử. Thuở đương thời, vua Minh Mạng thường đến lăng nghỉ dưỡng, du ngoạn và họp mặt các đại thần trong việc mở cõi và chính sách trị vì đất nước.\r\n\r\nLăng Khải Định hay còn gọi Ứng Lăng được xây dựng trên triền núi Châu Chữ (còn gọi là Châu Ê) cách thành phố Huế 10km. Lăng khởi công ngày 4/9/1920 và kéo dài trong 11 năm mới hoàn thành. Khác với vẻ nhã nhặn điềm đạm của lăng Minh Mạng, lăng Khải Định là sự đột phá trong kiến trúc bởi sự giao thoa giữa hai nền văn hóa Đông Tây. công trình cũng nói lên phần nào tính cách sính ngoại của vua Khải Định. Nơi đây cũng được đánh giá là đỉnh cao của nghệ thuật tạo hình sành sứ và thủy tinh, đây thực sự là một công trình có giá trị nghệ thuật và kiến trúc.\r\n\r\nLăng Tự Đức hay còn gọi là Khiêm Lăng, tọa lạc trong một thung lũng hẹp thuộc làng Dương Xuân Thượng, tổng Cư Chánh (cũ), nay là thôn Thượng Ba, phường Thủy Xuân, thành phố Huế. Lăng là một quần thể công trình kiến trúc, trong đó có nơi chôn cất Tự Đức. Lúc mới xây dựng, lăng có tên là Vạn Niên Cơ, sau cuộc Loạn Chày Vôi, Tự Đức bèn đổi tên thành Khiêm Cung. Sau khi Tự Đức băng hà, lăng được đổi tên thành Khiêm Lăng Toàn cảnh lăng Tự Đức như một công viên rộng lớn. Nơi đây được đánh giá là một bức tranh sơn thủy hữu tình tương tự như chính tính cách của ông vua thi sĩ Tự Đức.\r\n\r\nSau khoảng thời gian tham quan lăng của những vị vua nhà Nguyễn, trong khuôn viên kinh thành, du khách sẽ được trực tiếp xem biểu diễn những màn võ thuật tuyệt đẹp của phái Võ Kinh Vạn An. Võ kinh Vạn An là một trong những bộ môn võ thuật cổ truyền của Việt Nam, thuộc hệ phái \"hắc hổ\", được phát triển dựa trên tính linh hoạt và tinh khôn của con mèo nên còn được gọi là \"võ mèo\". \r\n\r\nRời không gian nhộn nhịp, hồi hộp với những màn đặc sắc hấp dẫn của phái Võ Kinh Vạn An, đoàn di chuyển đến ăn trưa tại nhà hàng. Tại đây có 50 món buffet tự chọn đầy đủ các món ăn đặc sản Huế gồm: món ăn Huế, các món ăn Âu và Á. Đặc biệt, du khách có thể chọn những món chay hoặc món mặn phù hợp khẩu vị riêng của mình.\r\n\r\nBuổi chiều, đoàn sẽ tiếp tục lên xe tiếp tục tham quan Đại Nội Huế, Hoàng Cung của 13 vị vua triều Nguyễn gồm: Ngọ Môn, Điện Thái Hoà, Thế Miếu, Hiển Lâm Các, Cửu Đỉnh, nhà hát Duyệt Thị Đường… Tại đây, du khách sẽ được dịp tìm hiểu cuộc đời và sự nghiệp của 13 vị vua gắm liền với từng giai đoạn lịch sử. \r\n\r\nRời Đại Nội Huế, đoàn tiếp tục tham quan chùa Thiên Mụ, một trong những ngôi chùa cổ kính nhất ở kinh đô Huế. Với vị trí nằm bên dòng sông Hương thơ mộng bên cạnh tháp Phước Duyên 7 tầng, đây được xem là biểu tượng của Huế. Qua nhiều thế hệ đều truyền lại: những ai cô đơn đến đây thành tâm ước nguyện, ắt sẽ tìm được tình duyên như ý. Câu chuyện truyền miệng đã có rất nhiều điều trở thành sự thật, chính vì vậy, Huế đã trở thành nơi nguyện ước cho những mối tình bền lâu.\r\n\r\nĐặc biệt, trong hành trình 1 ngày tham quan cố đô Huế, từ chùa Thiên Mụ đoàn sẽ trở về thành phố bằng thuyền rồng xuôi theo dòng sông Hương thơ mộng. Đây là lúc du khách được tự do thả mình theo cảm xúc trong sự yên tĩnh cùng những suy nghĩ miên man.\r\n\r\nSau khoảng thời gian du ngoạn trên sông Hương, thuyền cập bến tại Tòa Khâm. Tại đây, hướng dẫn viên sẽ cùng đoàn lưu giữ những bức ảnh kỷ niệm tuyệt vời bên dòng Hương Giang nổi tiếng. Sau cùng, hướng dẫn sẽ chào tạm biệt đoàn và hẹn gặp lại trong những chương trình sau.', 300000, 4),
(30, 'Tour du lịch Huế - Động Phong Nha 1 ngày', 'Ẩn mình trong núi đá vôi được che chở bởi những cánh rừng nhiệt đới, Phong Nha giờ đây đã trở nên nổi tiếng bởi sự hào phóng của tạo hoá đã ban tặng cho vùng đất này. Tại đây, có một hệ thống hang động thật lộng lẫy với con sông ngầm được xác định là dài nhất thế giới. Hãy đến để chiêm ngưỡng hang động thạch nhũ Phong Nha - vẻ đẹp được kiến tạo bởi thiên nhiên qua hàng ngàn năm lịch sử.', 'Tour du lịch tham quan động Phong Nha Kẻ Bàng 1 ngày sẽ đưa du khách đến với một thiên đường tuyệt tác chốn trần gian. Tại đây, trong khuôn viên của vườn quốc gia, du khách sẽ phải lặng người khi được chiêm ngưỡng những bức tranh thủy mặc tuyệt đẹp. Đặc biệt nhất phải kể đến vẻ đẹp của những hang động nằm sâu trong các vách núi đá vôi. Tất cả sẽ đưa du khách vào một chốn bồng lai mơ màng, đầy cuốn hút.\r\n\r\nBắt đầu chuyến hành trình tham quan động Phong Nha, xe và hướng dẫn viên sẽ đón du khách tại trung tâm TP. Huế khởi và hành đi thăm động Phong Nha. Trên đường đi, đoàn sẽ dừng chân tham quan Thánh Địa La Vang (được mệnh danh là Tiểu Vương Cung Thánh Đường). Đây là một thánh địa và là nơi hành hương quan trọng của người Công giáo Việt Nam, nằm ở huyện Hải Lăng, tỉnh Quảng Trị, thuộc Tổng Giáo phận Huế. Các tín hữu tin rằng, Đức Mẹ Maria hiển linh ở khu vực này vào năm 1798. Chính vì thế, những người đạo Công giáo đã được xây dựng một nhà thờ gần ba cây đa, nơi họ tin là Đức Mẹ đã hiện ra và được Tòa Thánh tôn phong là Tiểu vương cung thánh đường La Vang từ năm 1961.\r\n\r\nRời Thánh Địa La Vang, đoàn tiếp tục hành trình tham quan. Trên đường di chuyển, du khách sẽ được hướng dẫn viên giới thiệu về các địa danh lịch sử Cách Mạng như: Thành cổ Quảng Trị, Căn Cứ Dốc Miếu, cầu Hiền Lương, sông Bến Hải - giới tuyến một thời chia cắt 2 miền Nam Bắc...  Đây là những địa danh gắn liền với lịch sử tỉnh Quảng Trị nói riêng và lịch sử dân tộc Việt Nam nói chung.\r\n\r\nĐến Quảng Bình, đoàn lên thuyền bắt đầu tham quan vườn Quốc gia Phong Nha - Kẻ Bàng, một thắng cảnh thiên nhiên mà tạo hoá đã ban tặng cho người dân Quảng Bình. Nơi đây có sự giao hoà của rừng nguyên sinh và sông Son, cùng với động khô và động nước tạo nên một bức tranh thuỷ mặc làm say lòng người. vườn Quốc gia Phong Nha - Kẻ Bàng là một trong những vùng đá vôi nhiệt đới cổ đại nhất, rộng lớn nhất thế giới với diện tích trên 200.000 ha, có hệ thống hơn 300 hang động lớn nhỏ, tiềm ẩn nhiều điều kỳ lạ và hấp dẫn. Đặc biệt, tại đây du khách sẽ được thưởng thức bữa trưa ngay trên bến thuyền Xuân Sơn. \r\n\r\nTiếp tục chuyến hành trình vào buổi chiều, đoàn di chuyển trên dòng sông nhỏ hẹp dẫn vào động, du khách sẽ được chiêm ngưỡng một phong cảnh non nước hữu tình, đặc biệt là những cánh đồng mạ non nằm dưới chân núi đá vôi trắng xóa. Đoàn sẽ tiếp tục vào động bằng du thuyền theo dòng sông Chày để ngược vào rừng sâu. Càng đi, du khách sẽ ngỡ ngàng khi cảm nhận một dòng sông Chà chảy khúc khuỷu, đi qua nhiều thác ghềnh và đến khu vực rừng Trộ Mợng. Càng đi vào sâu, hiện hữu trước mắt du khách là một thiên đường trần gian tuyệt đẹp hiện ra của hang Bi Kí, Động Cô Tiên, động Cung đình. Có thể nói,  chỉ có đứng ngay tận nơi này, tận mắt chứng kiến cảnh vật thì du khách mới thấy được sự kì diệu tuyệt vời của tạo hóa.\r\n\r\nRời động Phong Nha, đoàn di chuyển bằng thuyền ra khỏi động sau đó cập bến. Xe sẽ đón khách tại bến thuyền, khởi hành về Huế theo đường Hồ Chí Minh. Đến khách sạn tại Huế, hướng dẫn viên trả khách và chào tạm biệt, kết thúc chương trình tham quan thú vị tại đây.', 600000, 4),
(31, 'Tour du lịch Huế - Động Thiên Đường 1 ngày', 'Được phát hiện năm 2005 do hiệp hội hang động Hoàng gia Anh khám phá, Hang Thiên Đường là một động khô, không có sông ngầm chảy qua như động Phong Nha. Tuy vậy, động Thiên Đường có chiều dài và quy mô lớn hơn nhiều. Trong động Thiên Đường có nhiều khối thạch nhũ và măng đá kỳ ảo. Nền đất trong động này là đất dẻo, khá bằng phẳng nên rất thuận tiện cho việc tham quan và thám hiểm.', 'Tour du lịch khám phá động Thiên Đường 1 ngày sẽ đưa du khách đến với một không gian được tạo tác bởi thiên nhiên kì diệu. Tại đây, trên hành trình trải nghiệm 500 bậc thang để đi vào hang, du khách sẽ ngỡ ngàng trước một vẻ đẹp không gì có thể hoàn mỹ hơn được nữa. Một vườn địa đàng ở chốn trần gian! \r\n\r\nBắt đầu chuyến hành trình tham quan và khám phá động Thiên Đường, xe và hướng dẫn viên sẽ đón quý khách tại trung tâm TP. Huế khởi hành đi Quảng Bình. Trên đường đi, đoàn sẽ có dịp dừng chân tham quan thánh địa La Vang (được mệnh danh là tiểu vương Cung Thánh Đường). Đây là một thánh địa của những người theo đạo Công giáo Việt Nam tôn thờ và xây dựng. Người ta tin rằng, đức mẹ Maria hiển linh tại nơi này vào năm 1789. Chính vì thế họ đã xây dựng một thánh đường tại ba cây đa để thờ đức mẹ.\r\n\r\nRời thánh địa, đoàn tiếp tục hành trình và được giới thiệu về các địa danh lịch sử Cách Mạng như: thành cổ Quảng Trị, Căn Cứ Dốc Miếu, cầu Hiền Lương, sông Bến Hải… Nơi những kí ức thấm sâu vào tiềm thức người dân Quảng Trị. Những địa điểm lịch sử đã thấm máu của bao chiến sĩ đồng bào. Đến Quảng Bình, đoàn dùng cơm trưa tại nhà hàng địa phương với những món đặc sản nổi tiếng.\r\n\r\nBuổi chiều, xe và hướng dẫn sẽ đưa du khách di chuyển theo đường 20 Quyết Thắng đi tham quan động Thiên Đường. Một hang động khô được mệnh danh Thiên Đường trong lòng núi. Tại đây, du khách Lên xe Golf đi dọc sông khoảng 1,7 km vào di sản thiên nhiên thế giới Phong Nha Kẻ Bàng. Đến nơi, du khách sẽ tiếp tục hành trình với 500 bậc để vào động. \r\n\r\nĐược biết, Động Thiên Đường có nhiệt độ chênh lệch với bên ngoài từ 9 - 10 độ C. Lòng động được chia làm nhiều khoang lớn, nơi rộng nhất hơn 200m và cao trên 100m. Cửa hang nhỏ dấu kín sau những vách đá và tán cây rừng. \r\n\r\nQuý khách bắt đầu hành trình khám phá Động Thiên Đường huyền ảo - Vườn địa đàng ở chốn trần gian với những hệ thống đá thú vị có hình ảnh tưởng tượng như chiếc sa bàn, các tượng phật, nhà Rông của người Tây Nguyên... Đặc biệt nhất, trong động có những hình ảnh giống biểu tượng văn hóa các vùng miền, ở sâu trong động có nhiều thớ đá thoải ra thành bậc thang rất uyển chuyển, dài hun hút. Những phân bậc như ruộng bậc thang, giữa động có những ô như biểu trưng của văn minh lúa nước, nhiều cột thạch nhũ hình tháp Champa điểm rất đẹp. Quan sát mới thấy rõ, những giá trị đặc biệt tại Thiên Đường này có một không hai so với các động khác.\r\n\r\nRời động Thiên Đường, xe và hướng dẫn sẽ đưa đoàn khách tham quan khu du lịch sinh thái suối Moọc. Đây là một khu sinh thái được tạo bởi con sông ngầm trong lòng núi chảy ra, hòa lẫn vào cảnh quan là những khu rừng nguyên sinh nằm đan xen tuyệt đẹp. Đặc biệt phía thượng nguồn suối là 1 hố nước rộng 80 - 90 m2 có nhiều phiến đá lớn với những vân hoa đẹp nằm dưới những tán cây cao.  Phía hạ nguồn là vô số những ghềnh, bãi đá ngầm và thác nước có cảnh quan tuyệt đẹp. Tất cả như một khung cảnh thiên nhiên vô cùng kỳ thú tại vườn quốc gia Phong Nha - Kẻ Bàng.\r\n\r\nChia tay khu du lịch sinh thái suối Mooc, đoàn lên xe di chuyển trên đường Hồ Chí Minh khởi hành về Huế. Hướng dẫn viên sẽ trả du khách tại điểm hẹn, kết thúc Tour Du Lịch Huế Tham Quan Động Thiên Đường 1 ngày tuyệt vời. Hướng dẫn chào tạm biệt và hẹn gặp lại du khách trong những chương trình mới.', 750000, 4),
(33, 'Tour du lịch Hội An - Thánh Địa Mỹ Sơn 1 ngày', 'Thánh địa Mỹ Sơn hay còn gọi khu đền tháp Mỹ Sơn -  là một quần thể công trình kiến trúc đền tháp rất độc đáo được xây bằng gạch của người Champa xưa. Đặc biệt, đây từng là nơi tổ chức cúng tế của vương triều Chămpa cũng như lăng mộ của các vị vua Champa hay hoàng thân, quốc thích. Thánh địa Mỹ Sơn được coi là một trong những trung tâm đền đài chính của Ấn Độ giáo ở khu vực Đông Nam Á và là di sản duy nhất của thể loại này tại Việt Nam.', 'Chỉ với khoảng thời gian 1 ngày trong tour du lịch Hội An - Thánh Địa Mỹ Sơn, du khách sẽ có thời gian tìm hiểu sâu về nền văn hóa - lịch sử của vương quốc Champa xưa với bao điều thú vị. Đặc biệt, tại đây du khách sẽ được mục sở thị lối kiến trúc xưa huyền bí của người Chăm qua những công trình trong kinh đô, đền đài. Đó là lối kiến trúc đền tháp tại thánh địa Mỹ Sơn nói riêng và các đền tháp người Chăm trên vùng Duyên Hải Nam Trung Bộ nói chung. Điều hấp dẫn hơn, trong hành trình này, du khách sẽ thấy được một chuỗi những biến động thú vị nhưng cũng đầy đau thương trong một phần của lịch sử dân tộc.\r\n\r\nĐến với chuyến du lịch khám phá Hội An Thánh Địa Mỹ Sơn 1 ngày, du khách sẽ có 2 lựa chọn sau để trải nghiệm:\r\nĐI XE VỀ THUYỀN (BUS-BOAT)\r\n\r\nChuyến hành trình tham quan tại thánh địa Mỹ Sơn đi bằng xe và về bằng thuyền là một hành trình đầy thú vị. Chuyến khám phá sẽ bắt đầu bằng một buổi sáng nhẹ nhàng tại phố cổ Hội An. Xe và hướng dẫn viên công ty sẽ đón khách tại Hội An, khởi hành đi Mỹ Sơn. \r\n\r\nĐến Mỹ Sơn, du khách sẽ tham quan kinh đô Trà Kiệu - nơi trước đây là trung tâm kinh đô hành chính của vương quốc Champa. Đây được coi là kinh đô Sinhapura hay “Kinh thành Sư Tử” của Vương quốc Champa từ khoảng thế kỉ VI đến thế kỉ VII. Simhapura là kinh đô của tiểu quốc Avamarati một trong 5 tiểu quốc của vương quốc Champa xưa.\r\n\r\nNơi đã chứng kiến bao sự đổi thay của một vương quốc từ cường thịnh cho đến lúc suy tàn. Ngày nay kinh đô chỉ còn lại nhưng phế tích do sự tàn phá của chiến tranh và thời gian. \r\n\r\nNằm bên cạnh kinh đô Trà Kiệu là bảo tàng Champa. Một bảo tàng lưu giữ lại những hiện vật của lịch sử hình thành và phát triển vương quốc champa. Tại đây, du khách có thể tìm hiểu lịch sử về một Champa đã hùng mạnh và cường thịnh như thế nào. Tiếp tục hành trình, du kháchđi xe Jep vào khu đền tháp cổ, tham quan các công trình kiến trúc toà tháp Chăm được xây dựng vào đầu thể kỷ thứ IV. Tại đây, du khách sẽ được xem tận mắt những điệu múa Siva kỳ bí rực rỡ giữa khu tháp cổ. Đặc biệt là giai điệu âm nhạc, tất cả đều mang một ẩm hưởng văn hóa - truyền thống cổ truyền độc đáo và ký bí.\r\n\r\nXe tiếp tục đưa du khách đến bến thuyền, thuyền đưa du khách dọc theo sông Thu Bồn về Hội An. Trên đường di chuyển, du khách sẽ được chuẩn bị mỗi người 1 phần bánh mỳ + mứt trên thuyền. Trên đường đi, thuyền sẽ đưa quý khách ghé thăm làng mộc Kim Bồng, một ngôi làng có nghê mộc truyền thống nằm trên vùng đất Cẩm Kim ngày nay. Được biết làng được xây dựng từ những năm cuối thế kỷ XV. Bên cạnh tham quan làng mộc Kim Bồng, đoàn sẽ ghé chợ cá Cẩm Hà để tìm hiểu cuộc sống sinh hoạt của người dân tại đây. \r\n\r\nThuyền tiếp tục tiến về bến cảng Bạch Đằng. Đoàn lên bờ ăn trưa tại nhà hàng với những món đặc sản của Hội An như cao lầu, mì Quảng... kết thúc chuyến hành trình du lịch 1 ngày. Hướng dẫn viên sẽ chào tạm biệt đoàn và hẹn gặp lai du khách trong những hành trình mới.\r\nĐI XE VỀ XE (BUS - BUS)\r\n\r\nLưu ý: Xe không đón khách ở Nhà Cổ River, chỉ nhận khách về thuyền từ khu vực khách sạn River Beach trở xuống biển (Golden sand, Victoria, Palm, Argibank, Boutique...).\r\nKhác với hành trình tham quan thánh địa Mỹ Sơn đi bằng xe và về bằng thuyền. Hành trình đi bằng xe và về bằng xe, du khách sẽ có thời gian nhiều hơn để tham quan và cảm nhận khung cảnh của thánh địa Mỹ Sơn huyền bí.\r\n\r\nNếu đi và về với hành trình bằng xe này, đoàn sẽ không ghé qua làng mộc Kim Bồng và chợ cá Cẩm Hà như ở trên. Tuy nhiên sơ lược chương trình tham quan đi và về bằng xe cũng giống như chương trình đi bằng xe và về bằng thuyền. \r\n\r\nHành trình sẽ đến Mỹ Sơn, tham quan kinh đô Trà Kiệu (trung tâm hành chính trước đây của vương quốc Champa). Tham quan bảo tàng Champa, nơi lưu giữ và trưng bày những di vật lưu giữ của vương quốc Champa. Tiếp tục, đoàn đi xe Jep vào khu đền tháp cổ, tham quan các công trình kiến trúc toà tháp Chăm được xây dựng vào đầu thể kỷ thứ IV. Thưởng thức âm nhạc và những điệu múa Siva kỳ bí rực rỡ giữa khu tháp cổ để cảm nhận nền văn hóa Chăm đặc sắc.', 300000, 1),
(34, 'Tour du lịch Sapa 2 ngày 1 đêm', 'Được mệnh danh là xứ sở xương mù, nằm ở tỉnh Lào Cai với độ cao từ 1500 - 1600m, Sapa là một bức tranh tuyệt tác hùng vĩ của thiên nhiên. Vẻ đẹp đó không chỉ dừng lại ở cảnh núi rừng, thác suối, hay mây trời và cái se sắt lạnh mà còn được điểm xuyết bởi những nét riêng biệt của văn hóa dân tộc sở tại.', 'Ngày 1: Hà Nội – Sapa\r\n\r\nBuổi sáng: đoàn bắt đầu chuyến hành trình du lịch 2 ngày 1 đêm tại xứ sở sương mù Sapa.  Xe và hướng dẫn viên Trung tâm lữ hành Quốc tế Trippy đón quý khách tại điểm hẹn khởi hành đi Lào Cai. Theo đường cao tốc Nội Bài - Lào Cai, đoạn đường dài 245km sẽ mất gần 5h đồng hồ để di chuyển. Dọc đường đi, hướng dẫn viên sẽ giới thiệu những điểm đến cho quý khách. Điểm hấp dẫn trong khoảng thời gian di chuyển này là cảnh núi rừng hùng vĩ 2 bên đường. \r\n\r\nBuổi trưa: Đến Sapa, quý khách sẽ có hai sự lựa chọn cho chuyến hành trình của mình. Đối với quý khách nào lựa chọn tour ngủ tại khách sạn thì sẽ nhận phòng, sau đó ăn trưa. Còn du khách nào lựa chọn ngủ tại bản sẽ ăn trưa tại Sapa, sau đó đoàn tiếp tục hành trình thăm quan. Xe ôtô 16 chỗ sẽ đưa du khách bắt đầu hành trình 4h đi bộ thăm: Lao Chải - Tả Van và Giang Tà Chải. Đây là những điểm tham quan cuốn hút đối với du khách trong và ngoài nước khi đến Sapa. Tại đây, du khách sẽ tìm hiểu cuộc sống của đồng bào các dân tộc thiểu số, chiêm ngưỡng khung cảnh thiên nhiên hùng vĩ với những thửa ruộng bậc thang tầng tầng lớp lớp. \r\n\r\nTiếp tục, du khách sẽ đến thăm bãi đá cổ Sapa với những tảng đá to - nhỏ khắc nhiều hình ảnh, hoa văn độc đáo của người xưa. Tại bãi đá cổ này, du khách sẽ thấy rất rõ nét văn hóa và nếp sinh hoạt của đồng bào dân tộc thiểu số Tây Bắc. Đó là cuộc sống hằng ngày chỉ gắn liền với đồng áng nương rẫy trên những đồi núi cao ngút ngàn.  Khi có tâm sự gì, họ chỉ biết khắc lên đá để giải tỏa nỗi lòng của mình.\r\n\r\nRời bãi đá cổ, hành trình sẽ liên tục mang đến cho du khách nhiều bất ngờ hấp dẫn. Du khách sẽ lang thang qua những con đường mòn và chiêm ngưỡng cây cầu bằng mây vắt qua dòng suối Mường Hoa thơ mộng. Đây là cây cầu mà du khách thường bắt gặp qua những thước phim tư liệu hoặc phim truyền hình. Tuy nhiên, khi tận mắt chứng kiến và trải nghiệm bước qua cầu mây, du khách sẽ không khỏi bồi hồi, thú vị.\r\n\r\nBuổi tối: Hành trình tham quan sẽ dừng lại ở Bản Giang - Tà Chải. Đối với du khách chọn ngủ tại bản sẽ nhận phòng ngủ đêm tại đây. Sau khi nhận phòng ăn tối, du khách có 1h tiệc tối. Du khách sẽ được thưởng thực tiếng nhạc của núi rừng, uống rượu và thưởng thức một chút đồ nướng nhẹ.\r\nNgày 2: Bản Cát Cát - Hà Nội\r\n\r\nBuổi sáng: Ngày thứ hai thức dậy bạn sẽ ngỡ ngàng khi mình đang ở một nơi xa thật xa với núi rừng hùng vĩ. Tại đây, bắt đầu với không khí se lạnh lúc sáng sớm, Sapa sẽ mang đến cho quý khách nhiều sự ngạc nhiên vì một ngày có tới 4 kiểu thời tiết: Xuân, hạ, thu, đông. Được biết lẽ ra Sapa phải có khí hậu đặc trưng của miền Bắc là khí hậu nhiệt đới âm gió mùa. Tuy nhiên do có vị trí ở gần chí tuyến, lại có địa hình cao nên Sa Pa mang màu sắc khí hậu cận nhiệt đới ẩm, ôn đới, dẫn tới nơi đây có không khí mát mẻ quanh năm. Thỉnh thoảng mùa đông còn có tuyết và nhiệt độ xuống tới 0 độ C.\r\n\r\nXe sẽ đón du khách ngủ bản trở về Sapa nhập đoàn để cùng đi tham quan Bản Cát Cát. Đây là một bản của người H’Mông tại Sapa. Đến đây, du khách sẽ có cơ hội khám phá những nét đặc biệt trong văn hóa của người H’Mông. \r\n\r\nHành trình khám phá hôm nay được bắt đầu bằng chuyến đi bộ khám bản làng Cát Cát - Sìn Chải. Bản do người Pháp phát hiện trong thời kỳ 1945 - 1954. Người Pháp đã chọn nơi đây làm khu nghỉ dưỡng cho các quan chức từ đầu thế kỷ XX. Đến đây, du khách sẽ được dạo thăm khắp bản làng, trạm thủy điện và cả thác nước Cát Cát kết hợp với tìm hiểu văn hóa, phong tục độc đáo của người dân nơi đây. Bản vẫn tồn tại các nghề truyền thống như dệt vải, chạm trổ bạc, rèn nông cụ... Một điều đặc biệt thú vị: cho đến nay, bản vẫn tồn tại tục kéo vợ!\r\n\r\nBuổi trưa: Sau khoảng thời gian tham quan quanh bản Cát Cát, xe sẽ đón quý khách về Sapa ăn trưa. Khoảng thời gian sau buổi trưa là lúc quý khách tự do tham quan thị trấn Sapa, tranh thủ chụp ảnh và mua sắm đồ lưu niệm. Đặc biệt, từ vị trí này, du khách hoàn toàn có thể tham quan ngắm cảnh núi Hàm Rồng nổi tiếng.\r\n\r\nHành trình 2 ngày 1 đêm tại xứ sở sương mù Sapa sẽ khép lại sau khoảng thời gian tham quan thị trấn Sapa. Xe đón quý khách về tới Hà Nội. Hướng dẫn viên chia tay, hẹn gặp lại quý khách trong những chuyến tham quan tới. Kết thúc chương trình du lịch Hà Nội – Sapa 2 ngày 1 đêm.', 2290000, 6),
(35, 'Tour du lịch Sapa - chợ Bắc Hà 1 ngày', ' Điểm nổi bật\r\n\r\nĐã từ lâu Bắc Hà được khách du lịch trong và ngoài nước biết đến với tên gọi “Cao nguyên trắng”. Hình ảnh đất và người Bắc Hà đã đi vào lời ca câu hát “Đất Bắc Hà núi non xanh biếc, người Bắc Hà nghĩa nặng tình sâu”. Không chỉ có vậy, du khách còn biết đến một Bắc Hà với đa sắc màu văn hóa các dân tộc, Những làn điệu xòe quyến rũ lòng ngư­ời, bởi vẻ đẹp nguyên sơ của phong cảnh thiên nhiên, bởi không khí trong lành mát mẻ, vẻ mộc mạc, giản dị nhưng đầy sôi động của các phiên chợ vùng cao, với tình cảm nồng ấm của người Bắc Hà. Đến với tour Du lịch Sapa – chợ Bắc Hà 1 ngày, du khách còn được thưởng thức các món ẩm thực cổ truyền mang đầy hương vị bản sắc dân tộc vùng cao cùng với men rượu đặc sản Bản phố “Rượu chưa uống mà lòng ngây ngất”', 'Tour du lịch Sapa – chợ Bắc Hà 1 ngày là một hành trình thú vị đưa du khách dạo thăm khu chợ Bắc Hà nổi tiếng. Tại đây quý khách sẽ được tận mắt chứng kiến cuộc sống giản dị và những phong tục tập quán địa phương thú vị của người vùng cao. Không những vậy, hành trình sẽ là cơ hội cho du khách lần đầu tiên được thưởng thức những món ẩm thực lạ miệng độc đáo của xứ sở này và còn có cơ hội đi thăm nhà của vua Mèo! Một hành trình khám phá thực sự mới mẻ và đầy thú vị.\r\n\r\nBuổi sáng, xe và hướng dẫn đón quý khách tại khách sạn hoặc tại ga tàu, bắt đầu chuyến tham quan du lịch Sapa - Chợ Bắc Hà 1 Ngày. Khởi đầu cho hành trình, đoàn sẽ cùng nhau dạo chơi ngôi chợ Bắc Hà - cách Sapa khoảng 110 km. Đây là một phiên Chợ nổi tiếng ở Lào Cai mà quý khách không phải lúc nào cũng có thể tham gia, đơn giản vì chợ chỉ họp mỗi tuần một phiên vào ngày Chủ nhật. Người ta thường nói “vui như đi chợ Bắc Hà” chính là nói về ngôi chợ này.\r\n\r\nĐến chợ, đoàn sẽ bách bộ đi tham quan những gian hàng của người dân địa phương, chứng kiến tận mắt khung cảnh các thương nhân từ địa phương khác đến trao đổi hàng hóa với đồng bào dân tộc thiểu số, kế tiếp đó quý khách sẽ ghé thăm chợ ngựa, chợ trâu, chợ lợn đặc sắc và náo nhiệt.\r\n\r\nTại chợ Bắc Hà, quý khách sẽ có cơ hội thưởng thức các món ăn dân tộc, các loại rượu đặc sản được chế biến từ gạo nếp, sắn, ngô cũng như các loại hoa quả tươi như mận, táo, lê… và tranh thủ chụp ảnh làm kỉ niệm. Đây cũng là cơ hội để du khách thưởng thức các món đặc sản vùng cao đã được nghe từ lâu như: thắng cố, phở chua, các món quà vặt dưới 5 ngàn (Tự túc)…\r\n\r\nTrong buổi tham quan, đặc biệt quý khách còn có thể nói chuyện cùng đồng bào ở đây qua sự diễn giải của hướng dẫn viên và tự tay chọn mua những đồ lưu niệm được dệt bằng thổ cẩm rất độc đáo về làm quà.\r\n\r\n Rời chợ, đoàn sẽ ăn trưa tại chợ Bắc Hà, sau đó khởi hành đi thăm khu làng và nhà vua Mèo - Hoàng A Tưởng. Được biết đây là ngôi nhà được thực dân Pháp và người Trung Quốc xây tặng năm 1920. Vua Mèo (hay Vua H\'Mông) là một chức vụ thủ lĩnh tinh thần của cộng đồng người H\'Mông tại các vùng nhất định ở Việt Nam và Lào trước những năm 1945. Đây trở thành một huyền thoại và là niềm tự hào của người H’Mông trong quá khứ.\r\n\r\nBuổi chiều, rời nhà của vua Mèo, đoàn lên xe trở về thị trấn Sapa và chia tay nhau, kết thúc Tour Du Lịch Sapa - Chợ Bắc Hà 1 Ngày đầy thú vị và nhiều trải nghiệm mới mẻ.', 590000, 6);
INSERT INTO `tour` (`id`, `name_tour`, `descc`, `info`, `cost`, `id_city`) VALUES
(36, 'Tour du lịch Hạ Long 1 ngày', 'Nếu kinh đô Thăng Long - Hà Nội là nơi rồng bay lên, thì Hạ Long - Quảng Ninh sẽ là nơi rồng đáp xuống. Vậy thì giữa nơi rồng bay lên và rồng đáp xuống khác nhau như thế nào? Tất nhiên, cả 2 đều là những nơi uy nghi, cổ kính và tuyệt đẹp trong khung cảnh của thiên nhiên và sự tác tạo của con người. Để biết rõ hơn về nơi rồng đáp xuống - Vịnh Hạ Long ra sao, tour du lịch 1 ngày Hà Nội - Hạ Long sẽ là lời giải đáp thỏa mãn nhất.', 'Chuyến hành trình du lịch Hà Nội - Hạ Long sẽ bắt đầu vào một buổi sáng tại Hà Nội thân yêu. Xe và hướng dẫn viên sẽ đón quý khách và khởi hành đi Hạ Long. Đoạn đường từ Hà Nội đi Hạ Long sẽ mất gần 3h40. Khoảng thời gian này là lúc hướng dẫn viên cùng với đoàn tham gia và giao lưu một số hoạt động trên xe để tạo không khí vui vẻ.\r\n\r\nTrên đường đến với Hạ Long, đoàn sẽ có khoảng thời gian nghỉ chân tại Hải Dương. Tại đây quý khách sẽ được nghỉ ngơi và tham quan phòng trưng bày đồ mỹ nghệ.\r\nBuổi trưa: Đến với vịnh Hạ Long, du khách lên tàu Dragon Cruise và bắt đầu chuyến hành trình tham quan khám phá. Trên tàu, đoàn sẽ vừa dùng cơm trưa và ngắm cảnh Hạ Long. Quý khách sẽ vô cùng ngạc nhiên với cảnh sắc tuyệt đẹp của những hòn Chó Đá và hòn Lộc Đỉnh Hương mọc lên giữa trời, nước. Đây chắc chắn là những cảnh đẹp độc đáo, choáng ngợp mà lần đầu tiên quý khách có thể nhìn thấy trong đời. Sẽ thật không hối hận khi tạm gác mọi công việc, dành một ngày nghỉ ngơi để đến tận nơi đây. Điều thú vị và thoải mái nhất khi đến Hạ Long trong thời gian chỉ một ngày này, có thể nói, đó chính là cảm giác thư thả tâm hồn giữa thiên nhiên thơ mộng. Tất nhiên, sự thoải mái và thư thả đó sẽ được đánh dấu bằng một kỷ niệm trong buổi cơm trưa trên tàu, giữa một khung cảnh thi vị.\r\n\r\nBuổi chiều: Sau khoảng thời gian dùng cơm trưa và ngắm cảnh Hạ Long mơ màng, tàu sẽ đưa du khách đến với một làng chài đã tồn tại từ nhiều năm qua. Tại đây, du khách sẽ tham quan và tìm hiểu cuộc sống của ngư dân tại vùng vịnh, lắng nghe câu chuyện về sự hình thành ngôi làng chài cổ. Bên cạnh đó, du khách sẽ được nghe những người dân kể những câu chuyện truyền miệng từ đời này qua đời khác khi vịnh Hạ Long trở thành một nơi “Sơn thủy hữu tình”.\r\n\r\nTiếp tục, tàu sẽ đưa du khách đi sâu vào khám phá và chiêm ngưỡng biểu tượng của Vịnh Hạ Long. Đó là hòn Trống Mái, một hòn tuyệt đẹp trong những hòn đang hiện hữu trên vịnh Hạ Long. Một hòn đã đi vào bao thơ ca và rồi thể hiện cho một tình yêu đôi lứa vĩnh cửu. \r\n\r\n“Có những người tha thiết yêu nhau\r\nKhắc tên mình lên hòn Trống Mái\r\nChữ chưa mờ họ đã quên nhau\r\nTình đá vẫn ngàn năm cùng trăng dãi…”\r\n\r\nCó lẽ chính sự góp mặt của những biểu tượng thiên nhiên như thế này, cùng sự đa dạng về địa chất, đa dạng sinh học và hệ sinh thái, mà Vịnh Hạ Long đã 2 lần được UNESCO công nhận là di sản văn hóa thế giới.\r\n\r\nRời hòn Trống Mái, tàu sẽ đưa du khách đến động Thiên Cung. Một động tuyệt đẹp được thiên nhiên tác tạo như thiên đàng. Đến với động, du khách sẽ không khỏi ngỡ ngàng trước một khối đá và thạch nhũ được hình thành từ hàng nghìn năm qua. Với vô vàn các khối nhũ, măng đá đủ các hình dáng kì lạ, động Thiên Cung đã trở thành một tuyệt tác. Từ đây, người ta hình dung ra cả một huyền thoại về cuộc tình và sự chia tay của Rồng bố, Rồng mẹ đã diễn ra trên vách đá hoặc nghĩ rằng đây là hình ảnh của các mê cung của Hoàng đế Ba Tư trong chuyện Nghìn lẻ một đêm.\r\n\r\nRời động Thiên Cung, đoàn sẽ trở lại tàu để di chuyển vào bờ. Lúc này sẽ là khoảng thời gian tuyệt vời nhất để ngắm cảnh đẹp nhất trên Vịnh Hạ Long. Bởi vì, lúc này trời đã vào chiều, những ánh nắng nhẹ nhàng sẽ làm ánh lên màu xanh bích ngọc của làn nước trong vịnh.\r\nChia tay vịnh Hạ Long, đoàn lên ôtô trở về lại Hà Nội. Hướng dẫn viên chào tạm biệt và hẹn gặp lại quý khách trong những chuyến tham quan gần nhất.', 1150000, 7),
(37, 'Tour du lịch Hạ Long - Cát Bà 2 ngày 1 đêm', 'Nếu ai đã một lần đến với thủ đô Hà Nội yêu dấu - mảnh đất kinh kì Thăng Long xưa kia, hẳn sẽ vô cùng ấn tượng bởi vẻ đẹp uy nghi cổ kính và giùa giá trị văn hóa của nó. Nơi đây vẫn được xem là hiện hữu của biểu tượng rồng bay lên trời. Cách đó không xa, vùng đất Quảng Ninh - vịnh Hạ Long cũng được xem là nơi rồng đáp xuống với bao cảnh quan thiên nhiên tuyệt đẹp từ núi đá, biển cả và hang động.', 'Để khám phá và chiêm ngưỡng vẻ đẹp như thiên đàng tại Hạ Long, tour du lịch 2 ngày 1 đêm tại Hạ Long - Cát Bà của Trippy sẽ mang đến cho quý khách một hành trình trải nghiệm tuyệt vời nhất!\r\nNgày 1. Hà Nội – Hạ Long\r\n\r\nBuổi sáng: Bắt đầu chuyến hành trình tham quan Hạ Long – Cát Bà. Nhân viên của Trippy.vn sẽ đón khách tại Hà Nội và xuất phát đi Hạ Long. Đoạn đường đến với vùng vịnh nơi rồng đáp xuống sẽ mất gần 3h40 phút. Trên đường di chuyển, đoàn sẽ có khoảng thời gian 30 phút nghỉ chân tại Hải Dương, tranh thủ nghỉ ngơi và tham quan phòng trưng bày đồ mỹ nghệ của các nghệ nhân phía Bắc.\r\n\r\nBuổi trưa: Đến Hạ Long, du khách sẽ lên tàu Dragon Cuirse và bắt đầu hành trình khám phá  “mảnh đất rồng đáp xuống”. Trên tàu, du khách sẽ dùng cơm trưa với những món ăn hải sản của vùng Vịnh. Đặc biệt, bữa cơm trưa trên tàu sẽ vô cùng thú vị khi phong cảnh thay đổi liên tục. Cùng lúc này tàu sẽ lướt qua những hòn Chó Đá và hòn Lộc Đỉnh Hương có hình hài kỳ lạ. Quý khách sẽ không khỏi ngạc nhiên khi đây mới chỉ là màn khởi đầu cho cuộc du ngoạn. Hấp dẫn nhất bao quanh khắp nơi đó chính là làn nước trong xanh màu ngọc bích. Được biết sở dĩ làn nước ở đây có màu đặc biệt như vậy bởi nước được pha trộn và hòa quyện từ núi đá vôi, thạch nhũ và dòng nước biển chảy vào vịnh.\r\n\r\nTrên hành trình khám phá những khung cảnh hùng vĩ và thơ mộng, tàu sẽ dừng chân tại một làng chài cổ. Tại đây, quý khách sẽ  được tranh thủ tham quan và tìm hiểu cuộc sống hằng ngày của họ nơi vùng vịnh. Thú vị nhất là quý khách có thể lắng nghe những câu chuyện gắn liền với biển cả đã được truyền miệng nhau qua rất nhiều đời.\r\nTiếp tục, tàu đưa đoàn băng qua hòn Trống Mái - biểu tượng du lịch của vịnh Hạ Long đến với động Thiên Cung. Đây là một tuyệt tác của tạo hóa được ví như hoàng cung của thiên đàng. Đến đây, du khách sẽ không khỏi ngỡ ngàng bởi vẻ đẹp tạo nên bởi những khối đá vôi và thạch nhũ đã có từ hàng trăm năm. Đặc biệt, động gắn liền với truyền thuyết đôi rồng xưa ra tay giúp dân làng trong mùa hạn hán. Từ truyền thuyết này, mà các hình dạng được tạo từ thạch nhũ và đá vôi trở thành hình các con vật tham gia chúc mừng đám cưới trong ngày vui của đôi rồng này.\r\n\r\nBuổi tối: Sau khi tham quan động Thiên Cung, tàu sẽ đưa đoàn cập bến Gia Luận. Xe sẽ đưa đoàn về thị trấn Cát Bà để dùng cơm tối và nghỉ ngơi tại đây. Tại khách sạn Cát Bà, khoảng thời gian về đêm là lúc quý khách tự do khám phá biển Cát Cò và thị trấn Cát Bà về đêm.\r\nNgày 2. Cát Bà – Hà Nội\r\n\r\nBuổi sáng: Hành trình tham quan và khám phá tại vịnh Hạ Long sẽ tiếp tục bắt đầu với những cảnh đẹp trên vịnh. Sau khi dùng điểm tâm sáng tại khách sạn. Du khách sẽ lên ôtô và di chuyển ra bến tàu. Khoảng thời gian từ 10h đến 11h20 là lúc tàu đưa quý khách đi chiêm ngưỡng cảnh đẹp vùng vịnh. Điểm tuyệt với nhất trong ngày thứ hai trong hành trình tại Hạ Long chính là lúc này. Đến với vịnh Hạ Long, cái tuyệt vời nhất đó chính là cảnh đẹp của mây trời và biển cả. \r\n\r\nTrong thời gian ngắm cảnh, du khách có thể lên boong tàu tắm nắng và đắm mình trong non nước Hạ Long. Đặc biệt, du khách có thể giao lưu và cùng những người bạn lữ hành chưa quen biết cùng nhau chụp những tấm ảnh lưu niệm. Bởi lẽ, đi du lịch không hẹn và gặp nhau thì đó là một cái duyên đã sắp đặt sẵn. \r\n\r\nBuổi trưa: Sau khoảng thời gian ngắm cảnh non nước trên tàu Dragon Cruise. Đoàn sẽ lên xe di chuyển vào nhà hàng trung tâm thành phố để dùng cơm trưa. Đây cũng là buổi tiệc cuối cùng trong hành trình du lịch 2 ngày 1 đêm tại Hạ Long.\r\n\r\nTạm biệt Hạ Long, đoàn lên xe trở về Hà Nội kết thúc chuyến hành trình 2 ngày 1 đêm. Về đến Hà Nội, hướng dẫn chào tạm biệt và hẹn gặp lai quý khách trong những hành trình sắp tới.', 2290000, 7);

-- --------------------------------------------------------

--
-- Table structure for table `users`
--

CREATE TABLE `users` (
  `id` int(11) NOT NULL,
  `email` varchar(500) NOT NULL,
  `password` varchar(500) NOT NULL,
  `name` varchar(300) NOT NULL,
  `address` varchar(500) NOT NULL,
  `phone` varchar(20) NOT NULL
) ENGINE=InnoDB DEFAULT CHARSET=utf8;

--
-- Dumping data for table `users`
--

INSERT INTO `users` (`id`, `email`, `password`, `name`, `address`, `phone`) VALUES
(1, 'gavayban', '202cb962ac59075b964b07152d234b70', 'hv', '', ''),
(2, 'gathe', '202cb962ac59075b964b07152d234b70', 'hoangviet', '158/6/9 Binh Quoi', '0911380885'),
(3, 'coko', '202cb962ac59075b964b07152d234b70', 'abv', '', ''),
(4, 'gaquadi', '202cb962ac59075b964b07152d234b70', 'Hoang Viet', '', '');

--
-- Indexes for dumped tables
--

--
-- Indexes for table `bill`
--
ALTER TABLE `bill`
  ADD PRIMARY KEY (`id`);

--
-- Indexes for table `blog`
--
ALTER TABLE `blog`
  ADD PRIMARY KEY (`id`);

--
-- Indexes for table `city`
--
ALTER TABLE `city`
  ADD PRIMARY KEY (`id`);

--
-- Indexes for table `hotel`
--
ALTER TABLE `hotel`
  ADD PRIMARY KEY (`id`);

--
-- Indexes for table `img_city`
--
ALTER TABLE `img_city`
  ADD PRIMARY KEY (`id`);

--
-- Indexes for table `img_hotel`
--
ALTER TABLE `img_hotel`
  ADD PRIMARY KEY (`id`);

--
-- Indexes for table `img_tour`
--
ALTER TABLE `img_tour`
  ADD PRIMARY KEY (`id`);

--
-- Indexes for table `tour`
--
ALTER TABLE `tour`
  ADD PRIMARY KEY (`id`);

--
-- Indexes for table `users`
--
ALTER TABLE `users`
  ADD PRIMARY KEY (`id`);

--
-- AUTO_INCREMENT for dumped tables
--

--
-- AUTO_INCREMENT for table `bill`
--
ALTER TABLE `bill`
  MODIFY `id` int(11) NOT NULL AUTO_INCREMENT;

--
-- AUTO_INCREMENT for table `blog`
--
ALTER TABLE `blog`
  MODIFY `id` int(11) NOT NULL AUTO_INCREMENT;

--
-- AUTO_INCREMENT for table `city`
--
ALTER TABLE `city`
  MODIFY `id` int(11) NOT NULL AUTO_INCREMENT, AUTO_INCREMENT=8;

--
-- AUTO_INCREMENT for table `hotel`
--
ALTER TABLE `hotel`
  MODIFY `id` int(11) NOT NULL AUTO_INCREMENT, AUTO_INCREMENT=49;

--
-- AUTO_INCREMENT for table `img_city`
--
ALTER TABLE `img_city`
  MODIFY `id` int(11) NOT NULL AUTO_INCREMENT, AUTO_INCREMENT=8;

--
-- AUTO_INCREMENT for table `img_hotel`
--
ALTER TABLE `img_hotel`
  MODIFY `id` int(11) NOT NULL AUTO_INCREMENT, AUTO_INCREMENT=221;

--
-- AUTO_INCREMENT for table `img_tour`
--
ALTER TABLE `img_tour`
  MODIFY `id` int(11) NOT NULL AUTO_INCREMENT, AUTO_INCREMENT=232;

--
-- AUTO_INCREMENT for table `tour`
--
ALTER TABLE `tour`
  MODIFY `id` int(11) NOT NULL AUTO_INCREMENT, AUTO_INCREMENT=38;

--
-- AUTO_INCREMENT for table `users`
--
ALTER TABLE `users`
  MODIFY `id` int(11) NOT NULL AUTO_INCREMENT, AUTO_INCREMENT=5;
COMMIT;

/*!40101 SET CHARACTER_SET_CLIENT=@OLD_CHARACTER_SET_CLIENT */;
/*!40101 SET CHARACTER_SET_RESULTS=@OLD_CHARACTER_SET_RESULTS */;
/*!40101 SET COLLATION_CONNECTION=@OLD_COLLATION_CONNECTION */;
